id,liveness,loudness,analysis_url,valence,mode,speechiness,tempo,key,type,acousticness,time_signature,uri,energy,track_href,duration_ms,danceability,instrumentalness
1RJeiAIwR9pZBgJA8ndZLL,0.295,-7.384,https://api.spotify.com/v1/audio-analysis/1RJeiAIwR9pZBgJA8ndZLL,0.764,0,0.101,159.669,5,audio_features,0.0103,4,spotify:track:1RJeiAIwR9pZBgJA8ndZLL,0.836,https://api.spotify.com/v1/tracks/1RJeiAIwR9pZBgJA8ndZLL,204480,0.505,0.0771
3QHThjKGMW7y89xIEvB0J4,0.063,-11.741,https://api.spotify.com/v1/audio-analysis/3QHThjKGMW7y89xIEvB0J4,0.694,1,0.0283,114.453,4,audio_features,0.244,4,spotify:track:3QHThjKGMW7y89xIEvB0J4,0.473,https://api.spotify.com/v1/tracks/3QHThjKGMW7y89xIEvB0J4,308800,0.698,0.211
0CzeAbfKFnxnWjwo5iYiCG,0.183,-13.904,https://api.spotify.com/v1/audio-analysis/0CzeAbfKFnxnWjwo5iYiCG,0.144,0,0.0277,79.273,8,audio_features,0.531,4,spotify:track:0CzeAbfKFnxnWjwo5iYiCG,0.296,https://api.spotify.com/v1/tracks/0CzeAbfKFnxnWjwo5iYiCG,424000,0.413,0.801
3Ud6fFep5ZlXzRWw6Sm8no,0.126,-8.507,https://api.spotify.com/v1/audio-analysis/3Ud6fFep5ZlXzRWw6Sm8no,0.802,1,0.0959,172.427,4,audio_features,0.405,4,spotify:track:3Ud6fFep5ZlXzRWw6Sm8no,0.918,https://api.spotify.com/v1/tracks/3Ud6fFep5ZlXzRWw6Sm8no,249960,0.462,0.00033
37Tmv4NnfQeb0ZgUC4fOJj,0.33,-10.023,https://api.spotify.com/v1/audio-analysis/37Tmv4NnfQeb0ZgUC4fOJj,0.931,1,0.0307,148.174,5,audio_features,0.0614,4,spotify:track:37Tmv4NnfQeb0ZgUC4fOJj,0.794,https://api.spotify.com/v1/tracks/37Tmv4NnfQeb0ZgUC4fOJj,348624,0.733,0.0367
0vlCOzte4bru0gK74lfUIJ,0.109,-11.859,https://api.spotify.com/v1/audio-analysis/0vlCOzte4bru0gK74lfUIJ,0.898,0,0.0456,146.556,9,audio_features,0.22,4,spotify:track:0vlCOzte4bru0gK74lfUIJ,0.655,https://api.spotify.com/v1/tracks/0vlCOzte4bru0gK74lfUIJ,324200,0.679,0.0198
5MMnwYs0hIxkENRsbkWJ2G,0.112,-9.211,https://api.spotify.com/v1/audio-analysis/5MMnwYs0hIxkENRsbkWJ2G,0.805,1,0.0279,114.169,0,audio_features,0.13,4,spotify:track:5MMnwYs0hIxkENRsbkWJ2G,0.676,https://api.spotify.com/v1/tracks/5MMnwYs0hIxkENRsbkWJ2G,340742,0.598,0.225
3fqwjXwUGN6vbzIwvyFMhx,0.0821,-10.888,https://api.spotify.com/v1/audio-analysis/3fqwjXwUGN6vbzIwvyFMhx,0.512,1,0.0298,48.718,9,audio_features,0.205,4,spotify:track:3fqwjXwUGN6vbzIwvyFMhx,0.37,https://api.spotify.com/v1/tracks/3fqwjXwUGN6vbzIwvyFMhx,293293,0.392,0.0096
2iSXgduBpKrwJuQcuybkxP,0.0791,-9.72,https://api.spotify.com/v1/audio-analysis/2iSXgduBpKrwJuQcuybkxP,0.927,1,0.348,76.518,10,audio_features,0.0912,4,spotify:track:2iSXgduBpKrwJuQcuybkxP,0.515,https://api.spotify.com/v1/tracks/2iSXgduBpKrwJuQcuybkxP,172933,0.719,0.0
148BGy6HUPaY0crdLsgGOL,0.117,-5.443,https://api.spotify.com/v1/audio-analysis/148BGy6HUPaY0crdLsgGOL,0.433,1,0.0421,100.44,1,audio_features,0.000652,4,spotify:track:148BGy6HUPaY0crdLsgGOL,0.94,https://api.spotify.com/v1/tracks/148BGy6HUPaY0crdLsgGOL,367267,0.441,0.00129
0V7k2JgK1H4m0rTe8SoFg1,0.0624,-10.627,https://api.spotify.com/v1/audio-analysis/0V7k2JgK1H4m0rTe8SoFg1,0.0432,0,0.0376,76.048,2,audio_features,0.0428,4,spotify:track:0V7k2JgK1H4m0rTe8SoFg1,0.571,https://api.spotify.com/v1/tracks/0V7k2JgK1H4m0rTe8SoFg1,979667,0.401,0.176
1xADYlM5rjnbJvAW2tc0qF,0.0895,-10.713,https://api.spotify.com/v1/audio-analysis/1xADYlM5rjnbJvAW2tc0qF,0.39,0,0.052,79.647,9,audio_features,0.894,4,spotify:track:1xADYlM5rjnbJvAW2tc0qF,0.35,https://api.spotify.com/v1/tracks/1xADYlM5rjnbJvAW2tc0qF,173267,0.52,0.000778
2N2yrmodOnVF10mKvItC9P,0.104,-8.638,https://api.spotify.com/v1/audio-analysis/2N2yrmodOnVF10mKvItC9P,0.243,1,0.0327,124.635,11,audio_features,0.00182,4,spotify:track:2N2yrmodOnVF10mKvItC9P,0.59,https://api.spotify.com/v1/tracks/2N2yrmodOnVF10mKvItC9P,283733,0.456,0.00379
6BOpSVtTxkK4zeXTOadUBH,0.355,-8.293,https://api.spotify.com/v1/audio-analysis/6BOpSVtTxkK4zeXTOadUBH,0.168,1,0.034,89.165,11,audio_features,0.0121,4,spotify:track:6BOpSVtTxkK4zeXTOadUBH,0.775,https://api.spotify.com/v1/tracks/6BOpSVtTxkK4zeXTOadUBH,563893,0.362,0.376
3YRCqOhFifThpSRFJ1VWFM,0.112,-9.316,https://api.spotify.com/v1/audio-analysis/3YRCqOhFifThpSRFJ1VWFM,0.226,1,0.0291,79.759,11,audio_features,0.0163,4,spotify:track:3YRCqOhFifThpSRFJ1VWFM,0.641,https://api.spotify.com/v1/tracks/3YRCqOhFifThpSRFJ1VWFM,536067,0.294,0.22
3YBZIN3rekqsKxbJc9FZko,0.142,-8.762,https://api.spotify.com/v1/audio-analysis/3YBZIN3rekqsKxbJc9FZko,0.475,1,0.0841,100.269,11,audio_features,0.0169,4,spotify:track:3YBZIN3rekqsKxbJc9FZko,0.952,https://api.spotify.com/v1/tracks/3YBZIN3rekqsKxbJc9FZko,405640,0.273,0.0112
0eFvoRSTTaR2q8bSWVjwfp,0.313,-4.869,https://api.spotify.com/v1/audio-analysis/0eFvoRSTTaR2q8bSWVjwfp,0.327,0,0.112,123.411,10,audio_features,0.0301,4,spotify:track:0eFvoRSTTaR2q8bSWVjwfp,0.978,https://api.spotify.com/v1/tracks/0eFvoRSTTaR2q8bSWVjwfp,271867,0.456,0.499
63JIZfWgk8RfqtodNGI0w2,0.35,-17.765,https://api.spotify.com/v1/audio-analysis/63JIZfWgk8RfqtodNGI0w2,0.567,0,0.0424,98.955,11,audio_features,0.777,4,spotify:track:63JIZfWgk8RfqtodNGI0w2,0.396,https://api.spotify.com/v1/tracks/63JIZfWgk8RfqtodNGI0w2,350867,0.729,0.597
4JAJV4D2902ZQL4A63Q2fe,0.215,-5.433,https://api.spotify.com/v1/audio-analysis/4JAJV4D2902ZQL4A63Q2fe,0.367,1,0.0295,71.515,4,audio_features,0.151,4,spotify:track:4JAJV4D2902ZQL4A63Q2fe,0.662,https://api.spotify.com/v1/tracks/4JAJV4D2902ZQL4A63Q2fe,353027,0.428,1.84e-06
4bHsxqR3GMrXTxEPLuK5ue,0.447,-9.072,https://api.spotify.com/v1/audio-analysis/4bHsxqR3GMrXTxEPLuK5ue,0.514,1,0.0363,118.852,4,audio_features,0.127,4,spotify:track:4bHsxqR3GMrXTxEPLuK5ue,0.748,https://api.spotify.com/v1/tracks/4bHsxqR3GMrXTxEPLuK5ue,250987,0.5,0.0
6zeE5tKyr8Nu882DQhhSQI,0.11,-10.687,https://api.spotify.com/v1/audio-analysis/6zeE5tKyr8Nu882DQhhSQI,0.387,1,0.0283,93.503,7,audio_features,0.367,4,spotify:track:6zeE5tKyr8Nu882DQhhSQI,0.322,https://api.spotify.com/v1/tracks/6zeE5tKyr8Nu882DQhhSQI,206267,0.475,0.00056
0xx4xX4IBocqmocyziPOXK,0.109,-10.911,https://api.spotify.com/v1/audio-analysis/0xx4xX4IBocqmocyziPOXK,0.381,1,0.0472,135.195,2,audio_features,0.242,4,spotify:track:0xx4xX4IBocqmocyziPOXK,0.466,https://api.spotify.com/v1/tracks/0xx4xX4IBocqmocyziPOXK,295733,0.493,0.00013
2XRCxFtPqSsnY94jZCFuYu,0.118,-5.506,https://api.spotify.com/v1/audio-analysis/2XRCxFtPqSsnY94jZCFuYu,0.285,1,0.05,142.215,0,audio_features,0.584,5,spotify:track:2XRCxFtPqSsnY94jZCFuYu,0.672,https://api.spotify.com/v1/tracks/2XRCxFtPqSsnY94jZCFuYu,283467,0.399,2.45e-05
6RFkVsPmrM4pzlDkFswwJl,0.115,-8.227,https://api.spotify.com/v1/audio-analysis/6RFkVsPmrM4pzlDkFswwJl,0.845,0,0.115,82.228,5,audio_features,0.868,4,spotify:track:6RFkVsPmrM4pzlDkFswwJl,0.485,https://api.spotify.com/v1/tracks/6RFkVsPmrM4pzlDkFswwJl,158573,0.617,3.44e-05
2XW4DbS6NddZxRPm5rMCeY,0.558,-9.441,https://api.spotify.com/v1/audio-analysis/2XW4DbS6NddZxRPm5rMCeY,0.373,1,0.103,77.176,7,audio_features,0.0309,4,spotify:track:2XW4DbS6NddZxRPm5rMCeY,0.448,https://api.spotify.com/v1/tracks/2XW4DbS6NddZxRPm5rMCeY,198960,0.758,8.67e-05
7wMq5n8mYSKlQIGECKUgTX,0.123,-4.343,https://api.spotify.com/v1/audio-analysis/7wMq5n8mYSKlQIGECKUgTX,0.63,1,0.0565,84.803,10,audio_features,0.0653,4,spotify:track:7wMq5n8mYSKlQIGECKUgTX,0.873,https://api.spotify.com/v1/tracks/7wMq5n8mYSKlQIGECKUgTX,202533,0.421,0.0
222dTwr5XeEgAzEtsrQA0R,0.803,-3.683,https://api.spotify.com/v1/audio-analysis/222dTwr5XeEgAzEtsrQA0R,0.453,1,0.158,146.324,11,audio_features,0.152,4,spotify:track:222dTwr5XeEgAzEtsrQA0R,0.782,https://api.spotify.com/v1/tracks/222dTwr5XeEgAzEtsrQA0R,343032,0.688,0.0
5NkhS6Y4hvPZEHCtV44h93,0.34,-4.489,https://api.spotify.com/v1/audio-analysis/5NkhS6Y4hvPZEHCtV44h93,0.341,0,0.0642,80.016,4,audio_features,0.00173,4,spotify:track:5NkhS6Y4hvPZEHCtV44h93,0.76,https://api.spotify.com/v1/tracks/5NkhS6Y4hvPZEHCtV44h93,220468,0.303,1.98e-05
3NLrRZoMF0Lx6zTlYqeIo4,0.205,-6.817,https://api.spotify.com/v1/audio-analysis/3NLrRZoMF0Lx6zTlYqeIo4,0.233,0,0.0252,143.994,10,audio_features,0.0492,4,spotify:track:3NLrRZoMF0Lx6zTlYqeIo4,0.533,https://api.spotify.com/v1/tracks/3NLrRZoMF0Lx6zTlYqeIo4,238733,0.557,0.0
39SaQTG5iiVGzQ4gWkpfRy,0.214,-8.32,https://api.spotify.com/v1/audio-analysis/39SaQTG5iiVGzQ4gWkpfRy,0.941,1,0.0929,175.306,8,audio_features,0.784,4,spotify:track:39SaQTG5iiVGzQ4gWkpfRy,0.646,https://api.spotify.com/v1/tracks/39SaQTG5iiVGzQ4gWkpfRy,101801,0.492,0.0
54eZmuggBFJbV7k248bTTt,0.155,-17.18,https://api.spotify.com/v1/audio-analysis/54eZmuggBFJbV7k248bTTt,0.831,0,0.0535,123.179,11,audio_features,0.686,4,spotify:track:54eZmuggBFJbV7k248bTTt,0.506,https://api.spotify.com/v1/tracks/54eZmuggBFJbV7k248bTTt,252240,0.654,0.0155
61Q9oJNd9hJQFhSDh6Qlap,0.101,-7.552,https://api.spotify.com/v1/audio-analysis/61Q9oJNd9hJQFhSDh6Qlap,0.283,0,0.031,116.891,9,audio_features,0.000825,3,spotify:track:61Q9oJNd9hJQFhSDh6Qlap,0.534,https://api.spotify.com/v1/tracks/61Q9oJNd9hJQFhSDh6Qlap,269720,0.315,0.108
28cnXtME493VX9NOw9cIUh,0.0948,-7.636,https://api.spotify.com/v1/audio-analysis/28cnXtME493VX9NOw9cIUh,0.163,0,0.0267,90.379,9,audio_features,0.649,4,spotify:track:28cnXtME493VX9NOw9cIUh,0.392,https://api.spotify.com/v1/tracks/28cnXtME493VX9NOw9cIUh,216533,0.534,0.000227
7hxZF4jETnE5Q75rKQnMjE,0.0967,-14.59,https://api.spotify.com/v1/audio-analysis/7hxZF4jETnE5Q75rKQnMjE,0.56,1,0.0384,98.805,9,audio_features,0.877,4,spotify:track:7hxZF4jETnE5Q75rKQnMjE,0.258,https://api.spotify.com/v1/tracks/7hxZF4jETnE5Q75rKQnMjE,176533,0.713,0.00606
4RbgFlvnCoO8JmzBCxCTwu,0.096,-3.961,https://api.spotify.com/v1/audio-analysis/4RbgFlvnCoO8JmzBCxCTwu,0.251,1,0.0436,145.546,2,audio_features,0.072,4,spotify:track:4RbgFlvnCoO8JmzBCxCTwu,0.801,https://api.spotify.com/v1/tracks/4RbgFlvnCoO8JmzBCxCTwu,346387,0.343,0.0
7DQ6ACGHwmBK52Z9op8ld0,0.0379,-8.131,https://api.spotify.com/v1/audio-analysis/7DQ6ACGHwmBK52Z9op8ld0,0.848,1,0.0499,164.233,1,audio_features,0.0328,4,spotify:track:7DQ6ACGHwmBK52Z9op8ld0,0.711,https://api.spotify.com/v1/tracks/7DQ6ACGHwmBK52Z9op8ld0,210400,0.744,2.82e-05
0v1XpBHnsbkCn7iJ9Ucr1l,0.347,-4.063,https://api.spotify.com/v1/audio-analysis/0v1XpBHnsbkCn7iJ9Ucr1l,0.544,0,0.0466,119.992,0,audio_features,0.0263,4,spotify:track:0v1XpBHnsbkCn7iJ9Ucr1l,0.913,https://api.spotify.com/v1/tracks/0v1XpBHnsbkCn7iJ9Ucr1l,224493,0.551,1.35e-05
62nQ8UZVqR2RMvkJHkcO2o,0.182,-6.472,https://api.spotify.com/v1/audio-analysis/62nQ8UZVqR2RMvkJHkcO2o,0.287,1,0.0438,108.808,2,audio_features,0.0404,4,spotify:track:62nQ8UZVqR2RMvkJHkcO2o,0.846,https://api.spotify.com/v1/tracks/62nQ8UZVqR2RMvkJHkcO2o,318227,0.285,0.0
2SpEHTbUuebeLkgs9QB7Ue,0.131,-10.971,https://api.spotify.com/v1/audio-analysis/2SpEHTbUuebeLkgs9QB7Ue,0.809,0,0.0363,110.578,1,audio_features,0.566,4,spotify:track:2SpEHTbUuebeLkgs9QB7Ue,0.537,https://api.spotify.com/v1/tracks/2SpEHTbUuebeLkgs9QB7Ue,161533,0.674,0.0
2jyjhRf6DVbMPU5zxagN2h,0.104,-7.335,https://api.spotify.com/v1/audio-analysis/2jyjhRf6DVbMPU5zxagN2h,0.244,1,0.0572,75.089,7,audio_features,0.385,4,spotify:track:2jyjhRf6DVbMPU5zxagN2h,0.538,https://api.spotify.com/v1/tracks/2jyjhRf6DVbMPU5zxagN2h,252867,0.509,0.0
0J6mQxEZnlRt9ymzFntA6z,0.325,-3.777,https://api.spotify.com/v1/audio-analysis/0J6mQxEZnlRt9ymzFntA6z,0.72,1,0.0345,122.494,0,audio_features,0.0768,4,spotify:track:0J6mQxEZnlRt9ymzFntA6z,0.887,https://api.spotify.com/v1/tracks/0J6mQxEZnlRt9ymzFntA6z,249293,0.534,9.93e-05
5ftQSVAHs7iqULWKQn0fjK,0.121,-5.278,https://api.spotify.com/v1/audio-analysis/5ftQSVAHs7iqULWKQn0fjK,0.596,1,0.0425,81.045,4,audio_features,0.0016,4,spotify:track:5ftQSVAHs7iqULWKQn0fjK,0.679,https://api.spotify.com/v1/tracks/5ftQSVAHs7iqULWKQn0fjK,181880,0.638,0.00655
0S3gpZzlT9Hb7CCSV2owX7,0.0892,-6.557,https://api.spotify.com/v1/audio-analysis/0S3gpZzlT9Hb7CCSV2owX7,0.242,1,0.0302,139.352,8,audio_features,0.0105,4,spotify:track:0S3gpZzlT9Hb7CCSV2owX7,0.656,https://api.spotify.com/v1/tracks/0S3gpZzlT9Hb7CCSV2owX7,251867,0.282,0.0
48RrDBpOSSl1aLVCalGl5C,0.12,-3.68,https://api.spotify.com/v1/audio-analysis/48RrDBpOSSl1aLVCalGl5C,0.624,0,0.0715,110.049,1,audio_features,0.0525,4,spotify:track:48RrDBpOSSl1aLVCalGl5C,0.853,https://api.spotify.com/v1/tracks/48RrDBpOSSl1aLVCalGl5C,250189,0.781,0.0
17baAghWcrewNOcc9dCewx,0.13,-3.892,https://api.spotify.com/v1/audio-analysis/17baAghWcrewNOcc9dCewx,0.228,0,0.276,83.808,4,audio_features,0.21,4,spotify:track:17baAghWcrewNOcc9dCewx,0.672,https://api.spotify.com/v1/tracks/17baAghWcrewNOcc9dCewx,251267,0.621,0.0
2dpQqMMQws3xjAX4bKD9Rg,0.33,-10.113,https://api.spotify.com/v1/audio-analysis/2dpQqMMQws3xjAX4bKD9Rg,0.606,1,0.0527,172.775,5,audio_features,0.698,4,spotify:track:2dpQqMMQws3xjAX4bKD9Rg,0.468,https://api.spotify.com/v1/tracks/2dpQqMMQws3xjAX4bKD9Rg,326293,0.416,0.0
6txWz9UapYHVxEd7dDIHXT,0.255,-9.342,https://api.spotify.com/v1/audio-analysis/6txWz9UapYHVxEd7dDIHXT,0.566,1,0.0316,148.117,9,audio_features,0.619,4,spotify:track:6txWz9UapYHVxEd7dDIHXT,0.476,https://api.spotify.com/v1/tracks/6txWz9UapYHVxEd7dDIHXT,217107,0.389,5.09e-05
3G69vJMWsX6ZohTykad2AU,0.155,-8.793,https://api.spotify.com/v1/audio-analysis/3G69vJMWsX6ZohTykad2AU,0.325,1,0.0369,181.305,0,audio_features,0.245,4,spotify:track:3G69vJMWsX6ZohTykad2AU,0.534,https://api.spotify.com/v1/tracks/3G69vJMWsX6ZohTykad2AU,276187,0.392,0.00104
6Hgh47WXVKtXN5zGOu0hjI,0.106,-6.183,https://api.spotify.com/v1/audio-analysis/6Hgh47WXVKtXN5zGOu0hjI,0.28,1,0.0541,72.989,2,audio_features,0.183,4,spotify:track:6Hgh47WXVKtXN5zGOu0hjI,0.678,https://api.spotify.com/v1/tracks/6Hgh47WXVKtXN5zGOu0hjI,263014,0.652,3.26e-05
77UjLW8j5UAGAGVGhR5oUK,0.111,-4.979,https://api.spotify.com/v1/audio-analysis/77UjLW8j5UAGAGVGhR5oUK,0.188,1,0.093,100.584,2,audio_features,0.0762,4,spotify:track:77UjLW8j5UAGAGVGhR5oUK,0.677,https://api.spotify.com/v1/tracks/77UjLW8j5UAGAGVGhR5oUK,211440,0.735,2.17e-05
6r027Faonff84hxFMjMbIH,0.849,-2.666,https://api.spotify.com/v1/audio-analysis/6r027Faonff84hxFMjMbIH,0.649,1,0.324,148.102,7,audio_features,0.38,4,spotify:track:6r027Faonff84hxFMjMbIH,0.849,https://api.spotify.com/v1/tracks/6r027Faonff84hxFMjMbIH,363973,0.708,0.0
3yfqSUWxFvZELEM4PmlwIR,0.0454,-4.244,https://api.spotify.com/v1/audio-analysis/3yfqSUWxFvZELEM4PmlwIR,0.76,0,0.0572,104.504,5,audio_features,0.0302,4,spotify:track:3yfqSUWxFvZELEM4PmlwIR,0.661,https://api.spotify.com/v1/tracks/3yfqSUWxFvZELEM4PmlwIR,284200,0.949,0.0
1lHtE5JDCas1EwXhQIMOIj,0.152,-4.683,https://api.spotify.com/v1/audio-analysis/1lHtE5JDCas1EwXhQIMOIj,0.0695,1,0.0294,82.904,4,audio_features,0.0127,4,spotify:track:1lHtE5JDCas1EwXhQIMOIj,0.668,https://api.spotify.com/v1/tracks/1lHtE5JDCas1EwXhQIMOIj,232800,0.447,0.0
3qoFdhS8hFq2m0v5pzAf0H,0.323,-3.372,https://api.spotify.com/v1/audio-analysis/3qoFdhS8hFq2m0v5pzAf0H,0.721,1,0.0399,144.084,0,audio_features,0.0495,4,spotify:track:3qoFdhS8hFq2m0v5pzAf0H,0.908,https://api.spotify.com/v1/tracks/3qoFdhS8hFq2m0v5pzAf0H,255800,0.621,0.0
4x3qqSA4cP49oZQXPLnDBe,0.151,-4.438,https://api.spotify.com/v1/audio-analysis/4x3qqSA4cP49oZQXPLnDBe,0.387,0,0.0837,83.469,2,audio_features,0.0082,4,spotify:track:4x3qqSA4cP49oZQXPLnDBe,0.868,https://api.spotify.com/v1/tracks/4x3qqSA4cP49oZQXPLnDBe,228533,0.408,0.0
52vA3CYKZqZVdQnzRrdZt6,0.0828,-7.999,https://api.spotify.com/v1/audio-analysis/52vA3CYKZqZVdQnzRrdZt6,0.585,1,0.0332,171.86,7,audio_features,0.887,3,spotify:track:52vA3CYKZqZVdQnzRrdZt6,0.396,https://api.spotify.com/v1/tracks/52vA3CYKZqZVdQnzRrdZt6,192053,0.389,0.0
7HPhrbgMHV5cUskknWA2oo,0.0931,-3.941,https://api.spotify.com/v1/audio-analysis/7HPhrbgMHV5cUskknWA2oo,0.228,1,0.0319,149.045,8,audio_features,1.64e-05,4,spotify:track:7HPhrbgMHV5cUskknWA2oo,0.818,https://api.spotify.com/v1/tracks/7HPhrbgMHV5cUskknWA2oo,366400,0.422,0.0137
3WbphvawbMZ8FyqDxYGdSQ,0.103,-5.611,https://api.spotify.com/v1/audio-analysis/3WbphvawbMZ8FyqDxYGdSQ,0.374,1,0.0284,148.095,7,audio_features,0.00385,4,spotify:track:3WbphvawbMZ8FyqDxYGdSQ,0.768,https://api.spotify.com/v1/tracks/3WbphvawbMZ8FyqDxYGdSQ,260333,0.53,0.0
0FzGKD3N0jK6nNOyOJBvNG,0.112,-14.445,https://api.spotify.com/v1/audio-analysis/0FzGKD3N0jK6nNOyOJBvNG,0.216,1,0.0369,122.61,5,audio_features,0.676,4,spotify:track:0FzGKD3N0jK6nNOyOJBvNG,0.163,https://api.spotify.com/v1/tracks/0FzGKD3N0jK6nNOyOJBvNG,226757,0.417,0.000211
3ovjw5HZZv43SxTwApooCM,0.103,-10.108,https://api.spotify.com/v1/audio-analysis/3ovjw5HZZv43SxTwApooCM,0.246,1,0.0351,151.505,0,audio_features,0.315,4,spotify:track:3ovjw5HZZv43SxTwApooCM,0.524,https://api.spotify.com/v1/tracks/3ovjw5HZZv43SxTwApooCM,312360,0.452,0.0
6xgO2ICtpT8jDcYvVsCKIB,0.282,-5.122,https://api.spotify.com/v1/audio-analysis/6xgO2ICtpT8jDcYvVsCKIB,0.529,0,0.0665,150.015,4,audio_features,0.00662,4,spotify:track:6xgO2ICtpT8jDcYvVsCKIB,0.927,https://api.spotify.com/v1/tracks/6xgO2ICtpT8jDcYvVsCKIB,271000,0.482,0.0
7vFv0yFGMJW3qVXbAd9BK9,0.134,-6.251,https://api.spotify.com/v1/audio-analysis/7vFv0yFGMJW3qVXbAd9BK9,0.687,1,0.0236,94.01,5,audio_features,0.0206,4,spotify:track:7vFv0yFGMJW3qVXbAd9BK9,0.729,https://api.spotify.com/v1/tracks/7vFv0yFGMJW3qVXbAd9BK9,249627,0.647,0.0489
2IZZqH4K02UIYg5EohpNHF,0.366,-8.957,https://api.spotify.com/v1/audio-analysis/2IZZqH4K02UIYg5EohpNHF,0.304,1,0.0339,166.973,7,audio_features,0.0154,4,spotify:track:2IZZqH4K02UIYg5EohpNHF,0.635,https://api.spotify.com/v1/tracks/2IZZqH4K02UIYg5EohpNHF,306427,0.307,0.00483
0gcjc7Vt5xtcfmJgf6g2IO,0.0811,-10.665,https://api.spotify.com/v1/audio-analysis/0gcjc7Vt5xtcfmJgf6g2IO,0.418,1,0.0251,173.885,7,audio_features,0.161,4,spotify:track:0gcjc7Vt5xtcfmJgf6g2IO,0.448,https://api.spotify.com/v1/tracks/0gcjc7Vt5xtcfmJgf6g2IO,256827,0.456,1.19e-06
74iZuPGwyL33VlTr6jTnab,0.764,-5.972,https://api.spotify.com/v1/audio-analysis/74iZuPGwyL33VlTr6jTnab,0.296,1,0.0409,129.976,0,audio_features,0.299,4,spotify:track:74iZuPGwyL33VlTr6jTnab,0.502,https://api.spotify.com/v1/tracks/74iZuPGwyL33VlTr6jTnab,210200,0.553,0.0
6pRPoKyrZ2VNlgpvU6wwNB,0.116,-4.717,https://api.spotify.com/v1/audio-analysis/6pRPoKyrZ2VNlgpvU6wwNB,0.131,0,0.0447,149.459,6,audio_features,0.00496,3,spotify:track:6pRPoKyrZ2VNlgpvU6wwNB,0.809,https://api.spotify.com/v1/tracks/6pRPoKyrZ2VNlgpvU6wwNB,478133,0.279,0.0126
09xV4FPRTUpAqxPvSlmiLF,0.142,-4.874,https://api.spotify.com/v1/audio-analysis/09xV4FPRTUpAqxPvSlmiLF,0.367,1,0.0412,156.997,7,audio_features,0.0241,4,spotify:track:09xV4FPRTUpAqxPvSlmiLF,0.746,https://api.spotify.com/v1/tracks/09xV4FPRTUpAqxPvSlmiLF,340067,0.413,7.21e-06
6KjqfAk6vLV5V8eOPz8EhH,0.0817,-15.476,https://api.spotify.com/v1/audio-analysis/6KjqfAk6vLV5V8eOPz8EhH,0.507,1,0.0533,175.257,2,audio_features,0.902,4,spotify:track:6KjqfAk6vLV5V8eOPz8EhH,0.166,https://api.spotify.com/v1/tracks/6KjqfAk6vLV5V8eOPz8EhH,167080,0.395,1.47e-06
4fxF8ljwryMZX5c9EKrLFE,0.316,-16.183,https://api.spotify.com/v1/audio-analysis/4fxF8ljwryMZX5c9EKrLFE,0.78,1,0.36,158.323,2,audio_features,0.242,4,spotify:track:4fxF8ljwryMZX5c9EKrLFE,0.538,https://api.spotify.com/v1/tracks/4fxF8ljwryMZX5c9EKrLFE,249933,0.866,1.67e-05
0COqiPhxzoWICwFCS4eZcp,0.242,-3.188,https://api.spotify.com/v1/audio-analysis/0COqiPhxzoWICwFCS4eZcp,0.296,0,0.0698,94.612,4,audio_features,0.00721,4,spotify:track:0COqiPhxzoWICwFCS4eZcp,0.943,https://api.spotify.com/v1/tracks/0COqiPhxzoWICwFCS4eZcp,235893,0.331,2.06e-06
44AyOl4qVkzS48vBsbNXaC,0.105,-14.062,https://api.spotify.com/v1/audio-analysis/44AyOl4qVkzS48vBsbNXaC,0.343,1,0.0275,100.307,2,audio_features,0.941,3,spotify:track:44AyOl4qVkzS48vBsbNXaC,0.293,https://api.spotify.com/v1/tracks/44AyOl4qVkzS48vBsbNXaC,182360,0.396,0.000196
2DtPEKs3Pj7E06EoWW4vw8,0.0973,-4.593,https://api.spotify.com/v1/audio-analysis/2DtPEKs3Pj7E06EoWW4vw8,0.124,0,0.0239,91.018,5,audio_features,0.225,4,spotify:track:2DtPEKs3Pj7E06EoWW4vw8,0.59,https://api.spotify.com/v1/tracks/2DtPEKs3Pj7E06EoWW4vw8,262947,0.492,2.79e-05
26i37IFvFmC3517jxxZAJP,0.0805,-1.046,https://api.spotify.com/v1/audio-analysis/26i37IFvFmC3517jxxZAJP,0.48,0,0.0576,124.668,4,audio_features,0.000114,4,spotify:track:26i37IFvFmC3517jxxZAJP,0.986,https://api.spotify.com/v1/tracks/26i37IFvFmC3517jxxZAJP,476267,0.334,0.0353
2jz6rWGqVCYsymwxGoaON4,0.292,-6.728,https://api.spotify.com/v1/audio-analysis/2jz6rWGqVCYsymwxGoaON4,0.447,1,0.0691,90.591,5,audio_features,0.0421,4,spotify:track:2jz6rWGqVCYsymwxGoaON4,0.9,https://api.spotify.com/v1/tracks/2jz6rWGqVCYsymwxGoaON4,215933,0.546,4.57e-05
3GCdLUSnKSMJhs4Tj6CV3s,0.0926,-4.946,https://api.spotify.com/v1/audio-analysis/3GCdLUSnKSMJhs4Tj6CV3s,0.552,1,0.0597,96.924,8,audio_features,0.0605,4,spotify:track:3GCdLUSnKSMJhs4Tj6CV3s,0.633,https://api.spotify.com/v1/tracks/3GCdLUSnKSMJhs4Tj6CV3s,232187,0.698,0.000194
7EjatvVN2Y2GjpvKSyWJR4,0.11,-5.566,https://api.spotify.com/v1/audio-analysis/7EjatvVN2Y2GjpvKSyWJR4,0.239,1,0.0372,84.015,2,audio_features,0.594,4,spotify:track:7EjatvVN2Y2GjpvKSyWJR4,0.655,https://api.spotify.com/v1/tracks/7EjatvVN2Y2GjpvKSyWJR4,338587,0.287,7.51e-06
7CvM2Tp91SQ9xUOfeDIDiz,0.398,-6.753,https://api.spotify.com/v1/audio-analysis/7CvM2Tp91SQ9xUOfeDIDiz,0.899,1,0.0333,149.244,0,audio_features,0.00371,4,spotify:track:7CvM2Tp91SQ9xUOfeDIDiz,0.843,https://api.spotify.com/v1/tracks/7CvM2Tp91SQ9xUOfeDIDiz,289347,0.47,0.0884
04aAxqtGp5pv12UXAg4pkq,0.102,-2.868,https://api.spotify.com/v1/audio-analysis/04aAxqtGp5pv12UXAg4pkq,0.56,0,0.0729,176.044,4,audio_features,0.00359,4,spotify:track:04aAxqtGp5pv12UXAg4pkq,0.858,https://api.spotify.com/v1/tracks/04aAxqtGp5pv12UXAg4pkq,228360,0.394,0.0
5V3mdRI2yQxbSsJGDPc5lD,0.122,-3.899,https://api.spotify.com/v1/audio-analysis/5V3mdRI2yQxbSsJGDPc5lD,0.3,0,0.121,127.204,7,audio_features,0.000353,4,spotify:track:5V3mdRI2yQxbSsJGDPc5lD,0.929,https://api.spotify.com/v1/tracks/5V3mdRI2yQxbSsJGDPc5lD,210240,0.42,0.000747
74irxdVWstNlEQjsvArITq,0.137,-3.879,https://api.spotify.com/v1/audio-analysis/74irxdVWstNlEQjsvArITq,0.427,0,0.0384,162.086,6,audio_features,0.0868,3,spotify:track:74irxdVWstNlEQjsvArITq,0.866,https://api.spotify.com/v1/tracks/74irxdVWstNlEQjsvArITq,316693,0.37,0.0
2pQ6i5Ll6ggtG5T4RK5J9G,0.246,-11.551,https://api.spotify.com/v1/audio-analysis/2pQ6i5Ll6ggtG5T4RK5J9G,0.678,1,0.0256,104.652,9,audio_features,0.013,4,spotify:track:2pQ6i5Ll6ggtG5T4RK5J9G,0.546,https://api.spotify.com/v1/tracks/2pQ6i5Ll6ggtG5T4RK5J9G,213320,0.682,0.00716
1mwt9hzaH7idmC5UCoOUkz,0.16,-6.057,https://api.spotify.com/v1/audio-analysis/1mwt9hzaH7idmC5UCoOUkz,0.369,0,0.045,91.958,11,audio_features,0.00117,4,spotify:track:1mwt9hzaH7idmC5UCoOUkz,0.674,https://api.spotify.com/v1/tracks/1mwt9hzaH7idmC5UCoOUkz,225200,0.553,0.0
5pvJ59i7JxylN8VB24xdMs,0.106,-4.441,https://api.spotify.com/v1/audio-analysis/5pvJ59i7JxylN8VB24xdMs,0.298,0,0.063,167.094,10,audio_features,6.97e-05,4,spotify:track:5pvJ59i7JxylN8VB24xdMs,0.965,https://api.spotify.com/v1/tracks/5pvJ59i7JxylN8VB24xdMs,200547,0.392,0.0427
3Fzlg5r1IjhLk2qRw667od,0.347,-3.463,https://api.spotify.com/v1/audio-analysis/3Fzlg5r1IjhLk2qRw667od,0.872,1,0.035,119.397,10,audio_features,0.0624,4,spotify:track:3Fzlg5r1IjhLk2qRw667od,0.858,https://api.spotify.com/v1/tracks/3Fzlg5r1IjhLk2qRw667od,232693,0.632,0.0
05KfyCEE6otdlT1pp2VIjP,0.226,-4.388,https://api.spotify.com/v1/audio-analysis/05KfyCEE6otdlT1pp2VIjP,0.748,0,0.112,124.978,10,audio_features,0.0417,4,spotify:track:05KfyCEE6otdlT1pp2VIjP,0.775,https://api.spotify.com/v1/tracks/05KfyCEE6otdlT1pp2VIjP,203782,0.772,0.0
57iDDD9N9tTWe75x6qhStw,0.406,-6.006,https://api.spotify.com/v1/audio-analysis/57iDDD9N9tTWe75x6qhStw,0.518,1,0.0479,171.176,9,audio_features,0.0335,4,spotify:track:57iDDD9N9tTWe75x6qhStw,0.917,https://api.spotify.com/v1/tracks/57iDDD9N9tTWe75x6qhStw,357267,0.356,0.0
7tFiyTwD0nx5a1eklYtX2J,0.243,-9.961,https://api.spotify.com/v1/audio-analysis/7tFiyTwD0nx5a1eklYtX2J,0.228,0,0.0536,143.883,0,audio_features,0.288,4,spotify:track:7tFiyTwD0nx5a1eklYtX2J,0.402,https://api.spotify.com/v1/tracks/7tFiyTwD0nx5a1eklYtX2J,354320,0.392,0.0
3LlAyCYU26dvFZBDUIMb7a,0.329,-3.015,https://api.spotify.com/v1/audio-analysis/3LlAyCYU26dvFZBDUIMb7a,0.428,1,0.0321,89.938,3,audio_features,0.19,4,spotify:track:3LlAyCYU26dvFZBDUIMb7a,0.71,https://api.spotify.com/v1/tracks/3LlAyCYU26dvFZBDUIMb7a,175200,0.505,0.00025
5FVd6KXrgO9B3JPmC8OPst,0.217,-7.596,https://api.spotify.com/v1/audio-analysis/5FVd6KXrgO9B3JPmC8OPst,0.405,1,0.0323,85.03,5,audio_features,0.186,4,spotify:track:5FVd6KXrgO9B3JPmC8OPst,0.532,https://api.spotify.com/v1/tracks/5FVd6KXrgO9B3JPmC8OPst,272394,0.548,0.000263
7I6DceMT3utDOHjcYCbrr4,0.326,-6.062,https://api.spotify.com/v1/audio-analysis/7I6DceMT3utDOHjcYCbrr4,0.354,1,0.0403,125.232,2,audio_features,0.244,4,spotify:track:7I6DceMT3utDOHjcYCbrr4,0.443,https://api.spotify.com/v1/tracks/7I6DceMT3utDOHjcYCbrr4,293053,0.798,0.0
36ONiya0OANYknz0GgJmwB,0.11,-12.39,https://api.spotify.com/v1/audio-analysis/36ONiya0OANYknz0GgJmwB,0.136,1,0.0583,103.001,10,audio_features,0.497,4,spotify:track:36ONiya0OANYknz0GgJmwB,0.317,https://api.spotify.com/v1/tracks/36ONiya0OANYknz0GgJmwB,245787,0.825,0.0128
5MxNLUsfh7uzROypsoO5qe,0.332,-10.057,https://api.spotify.com/v1/audio-analysis/5MxNLUsfh7uzROypsoO5qe,0.224,1,0.029,160.9,1,audio_features,0.388,4,spotify:track:5MxNLUsfh7uzROypsoO5qe,0.433,https://api.spotify.com/v1/tracks/5MxNLUsfh7uzROypsoO5qe,266960,0.307,9.08e-05
78PKCefXwDLbl4FVO1Pjzh,0.0921,-7.408,https://api.spotify.com/v1/audio-analysis/78PKCefXwDLbl4FVO1Pjzh,0.279,1,0.0256,79.419,1,audio_features,0.0629,4,spotify:track:78PKCefXwDLbl4FVO1Pjzh,0.636,https://api.spotify.com/v1/tracks/78PKCefXwDLbl4FVO1Pjzh,284907,0.493,2.49e-06
2NBQmPrOEEjA8VbeWOQGxO,0.101,-3.872,https://api.spotify.com/v1/audio-analysis/2NBQmPrOEEjA8VbeWOQGxO,0.662,1,0.219,91.979,1,audio_features,0.19,4,spotify:track:2NBQmPrOEEjA8VbeWOQGxO,0.632,https://api.spotify.com/v1/tracks/2NBQmPrOEEjA8VbeWOQGxO,266067,0.888,0.0
0dqGfCMAGyDgpUAgLNOjWd,0.11,-6.667,https://api.spotify.com/v1/audio-analysis/0dqGfCMAGyDgpUAgLNOjWd,0.278,1,0.113,113.47,7,audio_features,0.00311,4,spotify:track:0dqGfCMAGyDgpUAgLNOjWd,0.929,https://api.spotify.com/v1/tracks/0dqGfCMAGyDgpUAgLNOjWd,417227,0.256,0.201
4K1imZQQ0yKtJ40vGmUajS,0.121,-23.455,https://api.spotify.com/v1/audio-analysis/4K1imZQQ0yKtJ40vGmUajS,0.305,1,0.0382,118.867,7,audio_features,0.843,4,spotify:track:4K1imZQQ0yKtJ40vGmUajS,0.142,https://api.spotify.com/v1/tracks/4K1imZQQ0yKtJ40vGmUajS,220400,0.607,0.000197
11LmqTE2naFULdEP94AUBa,0.0853,-10.283,https://api.spotify.com/v1/audio-analysis/11LmqTE2naFULdEP94AUBa,0.382,1,0.0552,203.006,1,audio_features,0.199,4,spotify:track:11LmqTE2naFULdEP94AUBa,0.641,https://api.spotify.com/v1/tracks/11LmqTE2naFULdEP94AUBa,281160,0.256,0.0329
0aym2LBJBk9DAYuHHutrIl,0.088,-7.7,https://api.spotify.com/v1/audio-analysis/0aym2LBJBk9DAYuHHutrIl,0.532,1,0.0261,147.207,10,audio_features,0.0112,4,spotify:track:0aym2LBJBk9DAYuHHutrIl,0.607,https://api.spotify.com/v1/tracks/0aym2LBJBk9DAYuHHutrIl,425653,0.386,1.38e-05
31v0fPIO3dN0bJa0AAM676,0.159,-8.38,https://api.spotify.com/v1/audio-analysis/31v0fPIO3dN0bJa0AAM676,0.209,0,0.0313,74.994,7,audio_features,0.585,4,spotify:track:31v0fPIO3dN0bJa0AAM676,0.369,https://api.spotify.com/v1/tracks/31v0fPIO3dN0bJa0AAM676,193681,0.458,0.379
64Ny7djQ6rNJspquof2KoX,0.76,-8.492,https://api.spotify.com/v1/audio-analysis/64Ny7djQ6rNJspquof2KoX,0.95,1,0.0621,174.797,0,audio_features,0.733,4,spotify:track:64Ny7djQ6rNJspquof2KoX,0.756,https://api.spotify.com/v1/tracks/64Ny7djQ6rNJspquof2KoX,136027,0.357,0.00505
07q0QVgO56EorrSGHC48y3,0.0723,-6.215,https://api.spotify.com/v1/audio-analysis/07q0QVgO56EorrSGHC48y3,0.867,1,0.038,128.373,4,audio_features,0.214,4,spotify:track:07q0QVgO56EorrSGHC48y3,0.852,https://api.spotify.com/v1/tracks/07q0QVgO56EorrSGHC48y3,271240,0.768,7.36e-05
7pKfPomDEeI4TPT6EOYjn9,0.0935,-12.358,https://api.spotify.com/v1/audio-analysis/7pKfPomDEeI4TPT6EOYjn9,0.169,1,0.0252,75.752,0,audio_features,0.907,4,spotify:track:7pKfPomDEeI4TPT6EOYjn9,0.257,https://api.spotify.com/v1/tracks/7pKfPomDEeI4TPT6EOYjn9,187867,0.547,0.183
5wj4E6IsrVtn8IBJQOd0Cl,0.234,-4.918,https://api.spotify.com/v1/audio-analysis/5wj4E6IsrVtn8IBJQOd0Cl,0.478,1,0.0381,174.53,2,audio_features,0.000453,4,spotify:track:5wj4E6IsrVtn8IBJQOd0Cl,0.865,https://api.spotify.com/v1/tracks/5wj4E6IsrVtn8IBJQOd0Cl,258733,0.372,0.0
3bE5slaVEfaDreqARl6k4M,0.157,-11.3,https://api.spotify.com/v1/audio-analysis/3bE5slaVEfaDreqARl6k4M,0.292,1,0.0339,140.87,4,audio_features,0.29,4,spotify:track:3bE5slaVEfaDreqARl6k4M,0.354,https://api.spotify.com/v1/tracks/3bE5slaVEfaDreqARl6k4M,303587,0.504,4.71e-06
551qy5vUgrUfEUc4dCNfht,0.691,-8.43,https://api.spotify.com/v1/audio-analysis/551qy5vUgrUfEUc4dCNfht,0.364,1,0.0557,108.789,3,audio_features,0.667,3,spotify:track:551qy5vUgrUfEUc4dCNfht,0.59,https://api.spotify.com/v1/tracks/551qy5vUgrUfEUc4dCNfht,306067,0.573,0.000397
24NwBd5vZ2CK8VOQVnqdxr,0.104,-10.961,https://api.spotify.com/v1/audio-analysis/24NwBd5vZ2CK8VOQVnqdxr,0.491,1,0.0378,99.437,9,audio_features,0.00298,4,spotify:track:24NwBd5vZ2CK8VOQVnqdxr,0.76,https://api.spotify.com/v1/tracks/24NwBd5vZ2CK8VOQVnqdxr,274133,0.38,0.0294
1qEyqHR1xsj2MC4Qy0dsaI,0.334,-6.494,https://api.spotify.com/v1/audio-analysis/1qEyqHR1xsj2MC4Qy0dsaI,0.531,1,0.0367,150.081,5,audio_features,0.046,4,spotify:track:1qEyqHR1xsj2MC4Qy0dsaI,0.853,https://api.spotify.com/v1/tracks/1qEyqHR1xsj2MC4Qy0dsaI,337400,0.454,0.000198
3QXQ4dWNylnUsL5789LX1T,0.153,-4.494,https://api.spotify.com/v1/audio-analysis/3QXQ4dWNylnUsL5789LX1T,0.618,1,0.0872,164.003,2,audio_features,0.0209,4,spotify:track:3QXQ4dWNylnUsL5789LX1T,0.714,https://api.spotify.com/v1/tracks/3QXQ4dWNylnUsL5789LX1T,232907,0.727,0.0
5nzvgcE7FuekoQTR6WRs18,0.144,-8.271,https://api.spotify.com/v1/audio-analysis/5nzvgcE7FuekoQTR6WRs18,0.314,1,0.0306,130.353,4,audio_features,0.65,4,spotify:track:5nzvgcE7FuekoQTR6WRs18,0.557,https://api.spotify.com/v1/tracks/5nzvgcE7FuekoQTR6WRs18,201787,0.662,0.000163
1NrJYpdAi7uosDRPmSYrsG,0.102,-6.12,https://api.spotify.com/v1/audio-analysis/1NrJYpdAi7uosDRPmSYrsG,0.502,1,0.0339,118.008,8,audio_features,0.363,4,spotify:track:1NrJYpdAi7uosDRPmSYrsG,0.74,https://api.spotify.com/v1/tracks/1NrJYpdAi7uosDRPmSYrsG,208107,0.593,2.22e-05
08mG3Y1vljYA6bvDt4Wqkj,0.0828,-5.678,https://api.spotify.com/v1/audio-analysis/08mG3Y1vljYA6bvDt4Wqkj,0.763,1,0.047,188.386,9,audio_features,0.011,4,spotify:track:08mG3Y1vljYA6bvDt4Wqkj,0.7,https://api.spotify.com/v1/tracks/08mG3Y1vljYA6bvDt4Wqkj,255493,0.31,0.00965
193QsoahMPccHJGZdF5XdA,0.0764,-8.413,https://api.spotify.com/v1/audio-analysis/193QsoahMPccHJGZdF5XdA,0.164,0,0.0498,135.059,0,audio_features,0.332,4,spotify:track:193QsoahMPccHJGZdF5XdA,0.429,https://api.spotify.com/v1/tracks/193QsoahMPccHJGZdF5XdA,468600,0.608,8.38e-06
5cXg9IQS34FzLVdHhp7hu7,0.101,-9.116,https://api.spotify.com/v1/audio-analysis/5cXg9IQS34FzLVdHhp7hu7,0.284,1,0.193,130.018,1,audio_features,0.00759,4,spotify:track:5cXg9IQS34FzLVdHhp7hu7,0.478,https://api.spotify.com/v1/tracks/5cXg9IQS34FzLVdHhp7hu7,221827,0.855,0.0
1p80LdxRV74UKvL8gnD7ky,0.13,-5.421,https://api.spotify.com/v1/audio-analysis/1p80LdxRV74UKvL8gnD7ky,0.583,1,0.0646,96.009,5,audio_features,0.085,4,spotify:track:1p80LdxRV74UKvL8gnD7ky,0.678,https://api.spotify.com/v1/tracks/1p80LdxRV74UKvL8gnD7ky,231827,0.752,1.64e-06
507bYMYfbm6sUS9iEAaeSd,0.135,-2.695,https://api.spotify.com/v1/audio-analysis/507bYMYfbm6sUS9iEAaeSd,0.214,0,0.0342,123.762,3,audio_features,0.0102,4,spotify:track:507bYMYfbm6sUS9iEAaeSd,0.61,https://api.spotify.com/v1/tracks/507bYMYfbm6sUS9iEAaeSd,258333,0.448,0.000491
3a1lNhkSLSkpJE4MSHpDu9,0.253,-4.183,https://api.spotify.com/v1/audio-analysis/3a1lNhkSLSkpJE4MSHpDu9,0.492,1,0.0363,123.146,6,audio_features,0.215,4,spotify:track:3a1lNhkSLSkpJE4MSHpDu9,0.804,https://api.spotify.com/v1/tracks/3a1lNhkSLSkpJE4MSHpDu9,220293,0.63,0.0
2HHtWyy5CgaQbC7XSoOb0e,0.0787,-14.522,https://api.spotify.com/v1/audio-analysis/2HHtWyy5CgaQbC7XSoOb0e,0.552,0,0.0346,108.965,0,audio_features,0.216,4,spotify:track:2HHtWyy5CgaQbC7XSoOb0e,0.438,https://api.spotify.com/v1/tracks/2HHtWyy5CgaQbC7XSoOb0e,243773,0.815,0.000466
09FhDfmrSDN162X1yFfapI,0.187,-6.437,https://api.spotify.com/v1/audio-analysis/09FhDfmrSDN162X1yFfapI,0.184,0,0.075,173.988,8,audio_features,0.0297,4,spotify:track:09FhDfmrSDN162X1yFfapI,0.674,https://api.spotify.com/v1/tracks/09FhDfmrSDN162X1yFfapI,220307,0.514,2.49e-05
2b9lp5A6CqSzwOrBfAFhof,0.26,-4.001,https://api.spotify.com/v1/audio-analysis/2b9lp5A6CqSzwOrBfAFhof,0.473,1,0.115,137.575,9,audio_features,0.361,4,spotify:track:2b9lp5A6CqSzwOrBfAFhof,0.906,https://api.spotify.com/v1/tracks/2b9lp5A6CqSzwOrBfAFhof,296200,0.453,0.000569
6HZILIRieu8S0iqY8kIKhj,0.0842,-6.664,https://api.spotify.com/v1/audio-analysis/6HZILIRieu8S0iqY8kIKhj,0.422,1,0.357,139.913,1,audio_features,0.00454,4,spotify:track:6HZILIRieu8S0iqY8kIKhj,0.523,https://api.spotify.com/v1/tracks/6HZILIRieu8S0iqY8kIKhj,185947,0.638,0.0
5BIMPccDwShpXq784RJlJp,0.059,-8.71,https://api.spotify.com/v1/audio-analysis/5BIMPccDwShpXq784RJlJp,0.635,0,0.03,123.331,6,audio_features,0.00206,4,spotify:track:5BIMPccDwShpXq784RJlJp,0.824,https://api.spotify.com/v1/tracks/5BIMPccDwShpXq784RJlJp,331573,0.579,0.00903
6PypGyiu0Y2lCDBN1XZEnP,0.118,-10.451,https://api.spotify.com/v1/audio-analysis/6PypGyiu0Y2lCDBN1XZEnP,0.166,1,0.0255,94.301,2,audio_features,0.615,3,spotify:track:6PypGyiu0Y2lCDBN1XZEnP,0.324,https://api.spotify.com/v1/tracks/6PypGyiu0Y2lCDBN1XZEnP,320267,0.467,0.0248
6HSqyfGnsHYw9MmIpa9zlZ,0.256,-1.304,https://api.spotify.com/v1/audio-analysis/6HSqyfGnsHYw9MmIpa9zlZ,0.542,0,0.374,158.423,5,audio_features,0.253,4,spotify:track:6HSqyfGnsHYw9MmIpa9zlZ,0.926,https://api.spotify.com/v1/tracks/6HSqyfGnsHYw9MmIpa9zlZ,357347,0.415,0.0
3wgzAliQocAzmpi5dEwRqJ,0.115,-13.874,https://api.spotify.com/v1/audio-analysis/3wgzAliQocAzmpi5dEwRqJ,0.357,0,0.0262,69.979,9,audio_features,0.0492,4,spotify:track:3wgzAliQocAzmpi5dEwRqJ,0.398,https://api.spotify.com/v1/tracks/3wgzAliQocAzmpi5dEwRqJ,243693,0.394,0.0
69QHm3pustz01CJRwdo20z,0.273,-4.768,https://api.spotify.com/v1/audio-analysis/69QHm3pustz01CJRwdo20z,0.303,0,0.0475,106.767,4,audio_features,0.00532,4,spotify:track:69QHm3pustz01CJRwdo20z,0.873,https://api.spotify.com/v1/tracks/69QHm3pustz01CJRwdo20z,312293,0.389,0.0055
5O3eNPhckrOCxIBtR5SQLN,0.114,-10.578,https://api.spotify.com/v1/audio-analysis/5O3eNPhckrOCxIBtR5SQLN,0.31,1,0.0282,103.981,2,audio_features,0.884,4,spotify:track:5O3eNPhckrOCxIBtR5SQLN,0.296,https://api.spotify.com/v1/tracks/5O3eNPhckrOCxIBtR5SQLN,232533,0.655,0.0
2zYzyRzz6pRmhPzyfMEC8s,0.156,-4.793,https://api.spotify.com/v1/audio-analysis/2zYzyRzz6pRmhPzyfMEC8s,0.422,0,0.132,115.715,6,audio_features,0.0591,4,spotify:track:2zYzyRzz6pRmhPzyfMEC8s,0.913,https://api.spotify.com/v1/tracks/2zYzyRzz6pRmhPzyfMEC8s,208400,0.573,0.00173
7KXjTSCq5nL1LoYtL7XAwS,0.0958,-6.638,https://api.spotify.com/v1/audio-analysis/7KXjTSCq5nL1LoYtL7XAwS,0.421,0,0.102,150.011,1,audio_features,0.000282,4,spotify:track:7KXjTSCq5nL1LoYtL7XAwS,0.621,https://api.spotify.com/v1/tracks/7KXjTSCq5nL1LoYtL7XAwS,177000,0.908,5.39e-05
6jmTHeoWvBaSrwWttr8Xvu,0.136,-6.008,https://api.spotify.com/v1/audio-analysis/6jmTHeoWvBaSrwWttr8Xvu,0.142,1,0.129,140.0,10,audio_features,0.125,4,spotify:track:6jmTHeoWvBaSrwWttr8Xvu,0.562,https://api.spotify.com/v1/tracks/6jmTHeoWvBaSrwWttr8Xvu,236480,0.712,0.0
5xFuYnKruaC6AVbg9GDHuv,0.124,-4.227,https://api.spotify.com/v1/audio-analysis/5xFuYnKruaC6AVbg9GDHuv,0.176,0,0.0644,149.799,0,audio_features,0.00634,4,spotify:track:5xFuYnKruaC6AVbg9GDHuv,0.864,https://api.spotify.com/v1/tracks/5xFuYnKruaC6AVbg9GDHuv,281533,0.435,1.49e-05
2hcohLIysMxofYziluXCoX,0.463,-3.687,https://api.spotify.com/v1/audio-analysis/2hcohLIysMxofYziluXCoX,0.121,1,0.276,94.795,7,audio_features,0.186,4,spotify:track:2hcohLIysMxofYziluXCoX,0.846,https://api.spotify.com/v1/tracks/2hcohLIysMxofYziluXCoX,302492,0.591,0.0
3cqRP0G2EuiTkNca9T5d50,0.0705,-11.936,https://api.spotify.com/v1/audio-analysis/3cqRP0G2EuiTkNca9T5d50,0.845,1,0.0572,182.308,1,audio_features,0.952,4,spotify:track:3cqRP0G2EuiTkNca9T5d50,0.363,https://api.spotify.com/v1/tracks/3cqRP0G2EuiTkNca9T5d50,142000,0.567,6.19e-06
4gphxUgq0JSFv2BCLhNDiE,0.0715,-9.538,https://api.spotify.com/v1/audio-analysis/4gphxUgq0JSFv2BCLhNDiE,0.915,0,0.0755,167.396,10,audio_features,0.41,4,spotify:track:4gphxUgq0JSFv2BCLhNDiE,0.582,https://api.spotify.com/v1/tracks/4gphxUgq0JSFv2BCLhNDiE,146480,0.647,1.93e-06
0QnONzv3TvHAWk294h6DaQ,0.193,-6.97,https://api.spotify.com/v1/audio-analysis/0QnONzv3TvHAWk294h6DaQ,0.774,1,0.0276,112.053,7,audio_features,0.363,4,spotify:track:0QnONzv3TvHAWk294h6DaQ,0.692,https://api.spotify.com/v1/tracks/0QnONzv3TvHAWk294h6DaQ,195467,0.622,0.000158
7iN1s7xHE4ifF5povM6A48,0.111,-8.339,https://api.spotify.com/v1/audio-analysis/7iN1s7xHE4ifF5povM6A48,0.41,1,0.0322,143.462,0,audio_features,0.631,4,spotify:track:7iN1s7xHE4ifF5povM6A48,0.403,https://api.spotify.com/v1/tracks/7iN1s7xHE4ifF5povM6A48,243027,0.443,0.0
0B9sqt7YauXB73705BNaSG,0.225,-7.621,https://api.spotify.com/v1/audio-analysis/0B9sqt7YauXB73705BNaSG,0.52,1,0.0325,95.676,0,audio_features,0.734,4,spotify:track:0B9sqt7YauXB73705BNaSG,0.688,https://api.spotify.com/v1/tracks/0B9sqt7YauXB73705BNaSG,368187,0.485,0.0
2YodwKJnbPyNKe8XXSE9V7,0.0631,-6.41,https://api.spotify.com/v1/audio-analysis/2YodwKJnbPyNKe8XXSE9V7,0.485,1,0.0381,123.207,7,audio_features,0.00174,4,spotify:track:2YodwKJnbPyNKe8XXSE9V7,0.656,https://api.spotify.com/v1/tracks/2YodwKJnbPyNKe8XXSE9V7,257053,0.678,0.0
4P7VFiaZb3xrXoqGwZXC3J,0.137,-9.469,https://api.spotify.com/v1/audio-analysis/4P7VFiaZb3xrXoqGwZXC3J,0.448,1,0.083,148.077,0,audio_features,0.055,4,spotify:track:4P7VFiaZb3xrXoqGwZXC3J,0.428,https://api.spotify.com/v1/tracks/4P7VFiaZb3xrXoqGwZXC3J,299333,0.829,0.00423
0SuLAslEMFZAXf0SwY7syi,0.0933,-4.188,https://api.spotify.com/v1/audio-analysis/0SuLAslEMFZAXf0SwY7syi,0.505,1,0.0828,90.246,0,audio_features,0.0584,4,spotify:track:0SuLAslEMFZAXf0SwY7syi,0.567,https://api.spotify.com/v1/tracks/0SuLAslEMFZAXf0SwY7syi,217603,0.617,0.0
0yt31hMKZMiyIEfiBiLD2N,0.128,-4.984,https://api.spotify.com/v1/audio-analysis/0yt31hMKZMiyIEfiBiLD2N,0.569,1,0.0305,134.941,1,audio_features,0.0409,4,spotify:track:0yt31hMKZMiyIEfiBiLD2N,0.674,https://api.spotify.com/v1/tracks/0yt31hMKZMiyIEfiBiLD2N,201240,0.675,0.0
2ahnofp2LbBWDXcJbMaSTu,0.203,-7.907,https://api.spotify.com/v1/audio-analysis/2ahnofp2LbBWDXcJbMaSTu,0.737,0,0.0311,123.871,7,audio_features,0.0222,4,spotify:track:2ahnofp2LbBWDXcJbMaSTu,0.772,https://api.spotify.com/v1/tracks/2ahnofp2LbBWDXcJbMaSTu,270373,0.683,0.0149
3pD0f7hSJg2XdQ6udw5Tey,0.573,-4.751,https://api.spotify.com/v1/audio-analysis/3pD0f7hSJg2XdQ6udw5Tey,0.432,1,0.0709,76.0,7,audio_features,0.122,4,spotify:track:3pD0f7hSJg2XdQ6udw5Tey,0.723,https://api.spotify.com/v1/tracks/3pD0f7hSJg2XdQ6udw5Tey,448573,0.687,0.00102
54flyrjcdnQdco7300avMJ,0.258,-7.316,https://api.spotify.com/v1/audio-analysis/54flyrjcdnQdco7300avMJ,0.473,1,0.119,81.308,2,audio_features,0.679,4,spotify:track:54flyrjcdnQdco7300avMJ,0.497,https://api.spotify.com/v1/tracks/54flyrjcdnQdco7300avMJ,122067,0.693,0.0
32OlwWuMpZ6b0aN2RZOeMS,0.0344,-7.223,https://api.spotify.com/v1/audio-analysis/32OlwWuMpZ6b0aN2RZOeMS,0.928,1,0.0824,114.988,0,audio_features,0.00801,4,spotify:track:32OlwWuMpZ6b0aN2RZOeMS,0.609,https://api.spotify.com/v1/tracks/32OlwWuMpZ6b0aN2RZOeMS,269667,0.856,8.15e-05
0IGXkVRn0uCsgn4FvIfpgB,0.27,-4.533,https://api.spotify.com/v1/audio-analysis/0IGXkVRn0uCsgn4FvIfpgB,0.254,0,0.0428,132.978,8,audio_features,0.000514,4,spotify:track:0IGXkVRn0uCsgn4FvIfpgB,0.884,https://api.spotify.com/v1/tracks/0IGXkVRn0uCsgn4FvIfpgB,396440,0.49,0.00177
657HzPo7RbwpUGhBS3SF4Q,0.6,-10.029,https://api.spotify.com/v1/audio-analysis/657HzPo7RbwpUGhBS3SF4Q,0.266,1,0.0352,78.856,9,audio_features,0.156,4,spotify:track:657HzPo7RbwpUGhBS3SF4Q,0.372,https://api.spotify.com/v1/tracks/657HzPo7RbwpUGhBS3SF4Q,301187,0.535,0.0
57bgtoPSgt236HzfBOd8kj,0.217,-5.175,https://api.spotify.com/v1/audio-analysis/57bgtoPSgt236HzfBOd8kj,0.257,1,0.0364,133.519,4,audio_features,0.000147,4,spotify:track:57bgtoPSgt236HzfBOd8kj,0.889,https://api.spotify.com/v1/tracks/57bgtoPSgt236HzfBOd8kj,292880,0.501,0.0114
5VnDkUNyX6u5Sk0yZiP8XB,0.154,-4.804,https://api.spotify.com/v1/audio-analysis/5VnDkUNyX6u5Sk0yZiP8XB,0.241,1,0.0434,167.985,0,audio_features,0.00782,4,spotify:track:5VnDkUNyX6u5Sk0yZiP8XB,0.826,https://api.spotify.com/v1/tracks/5VnDkUNyX6u5Sk0yZiP8XB,187147,0.604,0.15
1P49MJhU5vzttesFxw3dOM,0.0501,-10.456,https://api.spotify.com/v1/audio-analysis/1P49MJhU5vzttesFxw3dOM,0.651,1,0.0758,148.491,9,audio_features,0.0102,4,spotify:track:1P49MJhU5vzttesFxw3dOM,0.487,https://api.spotify.com/v1/tracks/1P49MJhU5vzttesFxw3dOM,180267,0.807,1.98e-06
3KYiA4vq6RPO1dE2XROXd8,0.382,-3.002,https://api.spotify.com/v1/audio-analysis/3KYiA4vq6RPO1dE2XROXd8,0.828,0,0.0557,122.806,0,audio_features,0.0704,4,spotify:track:3KYiA4vq6RPO1dE2XROXd8,0.959,https://api.spotify.com/v1/tracks/3KYiA4vq6RPO1dE2XROXd8,222707,0.537,1.8e-06
3G6hD9B2ZHOsgf4WfNu7X1,0.305,-7.436,https://api.spotify.com/v1/audio-analysis/3G6hD9B2ZHOsgf4WfNu7X1,0.416,1,0.0929,99.961,6,audio_features,0.167,4,spotify:track:3G6hD9B2ZHOsgf4WfNu7X1,0.578,https://api.spotify.com/v1/tracks/3G6hD9B2ZHOsgf4WfNu7X1,193059,0.69,0.0
2WfaOiMkCvy7F5fcp2zZ8L,0.0928,-7.638,https://api.spotify.com/v1/audio-analysis/2WfaOiMkCvy7F5fcp2zZ8L,0.876,0,0.054,84.412,6,audio_features,0.018,4,spotify:track:2WfaOiMkCvy7F5fcp2zZ8L,0.902,https://api.spotify.com/v1/tracks/2WfaOiMkCvy7F5fcp2zZ8L,225280,0.573,0.00125
3z8h0TU7ReDPLIbEnYhWZb,0.207,-9.963,https://api.spotify.com/v1/audio-analysis/3z8h0TU7ReDPLIbEnYhWZb,0.246,0,0.0513,144.031,0,audio_features,0.287,4,spotify:track:3z8h0TU7ReDPLIbEnYhWZb,0.397,https://api.spotify.com/v1/tracks/3z8h0TU7ReDPLIbEnYhWZb,354947,0.39,0.0
7hQJA50XrCWABAu5v6QZ4i,0.77,-5.277,https://api.spotify.com/v1/audio-analysis/7hQJA50XrCWABAu5v6QZ4i,0.601,1,0.16,156.271,5,audio_features,0.0472,4,spotify:track:7hQJA50XrCWABAu5v6QZ4i,0.865,https://api.spotify.com/v1/tracks/7hQJA50XrCWABAu5v6QZ4i,209413,0.563,0.000191
1lCRw5FEZ1gPDNPzy1K4zW,0.118,-6.94,https://api.spotify.com/v1/audio-analysis/1lCRw5FEZ1gPDNPzy1K4zW,0.175,1,0.0346,64.177,10,audio_features,0.378,4,spotify:track:1lCRw5FEZ1gPDNPzy1K4zW,0.459,https://api.spotify.com/v1/tracks/1lCRw5FEZ1gPDNPzy1K4zW,179200,0.268,0.0
4pbJqGIASGPr0ZpGpnWkDn,0.259,-7.316,https://api.spotify.com/v1/audio-analysis/4pbJqGIASGPr0ZpGpnWkDn,0.475,1,0.119,81.308,2,audio_features,0.676,4,spotify:track:4pbJqGIASGPr0ZpGpnWkDn,0.497,https://api.spotify.com/v1/tracks/4pbJqGIASGPr0ZpGpnWkDn,122067,0.692,0.0
5txoZyuAmtCfmDjUCEphWm,0.127,-6.967,https://api.spotify.com/v1/audio-analysis/5txoZyuAmtCfmDjUCEphWm,0.349,1,0.0629,109.772,8,audio_features,0.164,3,spotify:track:5txoZyuAmtCfmDjUCEphWm,0.698,https://api.spotify.com/v1/tracks/5txoZyuAmtCfmDjUCEphWm,295733,0.466,0.0
1nQRg9q9uwALGzouOX5OyQ,0.189,-7.719,https://api.spotify.com/v1/audio-analysis/1nQRg9q9uwALGzouOX5OyQ,0.66,1,0.0359,112.344,5,audio_features,0.183,4,spotify:track:1nQRg9q9uwALGzouOX5OyQ,0.502,https://api.spotify.com/v1/tracks/1nQRg9q9uwALGzouOX5OyQ,348227,0.744,0.000228
4OKf7CcYuw5H2HptkcKxcP,0.0715,-7.025,https://api.spotify.com/v1/audio-analysis/4OKf7CcYuw5H2HptkcKxcP,0.576,1,0.0452,118.738,0,audio_features,0.158,4,spotify:track:4OKf7CcYuw5H2HptkcKxcP,0.761,https://api.spotify.com/v1/tracks/4OKf7CcYuw5H2HptkcKxcP,170800,0.518,0.00765
7yE3b15UEvOMZCyBY4u6HV,0.0774,-2.82,https://api.spotify.com/v1/audio-analysis/7yE3b15UEvOMZCyBY4u6HV,0.448,0,0.0512,93.416,5,audio_features,0.00673,4,spotify:track:7yE3b15UEvOMZCyBY4u6HV,0.939,https://api.spotify.com/v1/tracks/7yE3b15UEvOMZCyBY4u6HV,204200,0.451,4.85e-06
2GttMH50LmV8VtZaz4d1EL,0.169,-9.321,https://api.spotify.com/v1/audio-analysis/2GttMH50LmV8VtZaz4d1EL,0.488,1,0.0463,150.459,5,audio_features,0.000732,4,spotify:track:2GttMH50LmV8VtZaz4d1EL,0.828,https://api.spotify.com/v1/tracks/2GttMH50LmV8VtZaz4d1EL,543267,0.23,0.191
5xUz3xvyPPrNfnBrh9IOZa,0.153,-8.897,https://api.spotify.com/v1/audio-analysis/5xUz3xvyPPrNfnBrh9IOZa,0.302,1,0.0358,77.393,0,audio_features,0.689,4,spotify:track:5xUz3xvyPPrNfnBrh9IOZa,0.615,https://api.spotify.com/v1/tracks/5xUz3xvyPPrNfnBrh9IOZa,336728,0.16,0.861
1mr3616BzLdhXfJmLmRsO8,0.118,-6.8,https://api.spotify.com/v1/audio-analysis/1mr3616BzLdhXfJmLmRsO8,0.461,1,0.0439,180.118,3,audio_features,0.0274,4,spotify:track:1mr3616BzLdhXfJmLmRsO8,0.661,https://api.spotify.com/v1/tracks/1mr3616BzLdhXfJmLmRsO8,228347,0.513,0.0
7f0jXNMu2xjQUtmKMuWhGA,0.118,-9.875,https://api.spotify.com/v1/audio-analysis/7f0jXNMu2xjQUtmKMuWhGA,0.491,0,0.0285,134.537,11,audio_features,0.156,4,spotify:track:7f0jXNMu2xjQUtmKMuWhGA,0.57,https://api.spotify.com/v1/tracks/7f0jXNMu2xjQUtmKMuWhGA,295493,0.566,0.0
6NAEpcvbmNdT0cWP3LFDcY,0.122,-10.507,https://api.spotify.com/v1/audio-analysis/6NAEpcvbmNdT0cWP3LFDcY,0.774,1,0.0376,109.084,4,audio_features,0.0782,4,spotify:track:6NAEpcvbmNdT0cWP3LFDcY,0.408,https://api.spotify.com/v1/tracks/6NAEpcvbmNdT0cWP3LFDcY,198773,0.875,0.000848
2KH16WveTQWT6KOG9Rg6e2,0.0873,-9.249,https://api.spotify.com/v1/audio-analysis/2KH16WveTQWT6KOG9Rg6e2,0.548,0,0.0328,108.873,0,audio_features,0.132,4,spotify:track:2KH16WveTQWT6KOG9Rg6e2,0.599,https://api.spotify.com/v1/tracks/2KH16WveTQWT6KOG9Rg6e2,245640,0.817,0.000311
1wsRitfRRtWyEapl0q22o8,0.155,-5.764,https://api.spotify.com/v1/audio-analysis/1wsRitfRRtWyEapl0q22o8,0.489,1,0.188,103.68,11,audio_features,0.0129,4,spotify:track:1wsRitfRRtWyEapl0q22o8,0.957,https://api.spotify.com/v1/tracks/1wsRitfRRtWyEapl0q22o8,206200,0.599,7.06e-05
57JVGBtBLCfHw2muk5416J,0.163,-6.472,https://api.spotify.com/v1/audio-analysis/57JVGBtBLCfHw2muk5416J,0.756,0,0.162,109.975,5,audio_features,0.112,4,spotify:track:57JVGBtBLCfHw2muk5416J,0.528,https://api.spotify.com/v1/tracks/57JVGBtBLCfHw2muk5416J,214653,0.933,0.329
0WqS4ZSC82YEQl2zH2ywYZ,0.0554,-5.808,https://api.spotify.com/v1/audio-analysis/0WqS4ZSC82YEQl2zH2ywYZ,0.964,0,0.0479,98.058,8,audio_features,0.0998,4,spotify:track:0WqS4ZSC82YEQl2zH2ywYZ,0.925,https://api.spotify.com/v1/tracks/0WqS4ZSC82YEQl2zH2ywYZ,235667,0.727,0.301
15JINEqzVMv3SvJTAXAKED,0.52,-5.034,https://api.spotify.com/v1/audio-analysis/15JINEqzVMv3SvJTAXAKED,0.641,1,0.227,86.989,10,audio_features,0.241,4,spotify:track:15JINEqzVMv3SvJTAXAKED,0.925,https://api.spotify.com/v1/tracks/15JINEqzVMv3SvJTAXAKED,263373,0.749,0.0
3OaY8xPoKDN1FzSB9eHxyR,0.0965,-9.254,https://api.spotify.com/v1/audio-analysis/3OaY8xPoKDN1FzSB9eHxyR,0.556,0,0.0331,76.15,5,audio_features,0.26,4,spotify:track:3OaY8xPoKDN1FzSB9eHxyR,0.645,https://api.spotify.com/v1/tracks/3OaY8xPoKDN1FzSB9eHxyR,266080,0.502,1.79e-05
5Z3GHaZ6ec9bsiI5BenrbY,0.165,-6.351,https://api.spotify.com/v1/audio-analysis/5Z3GHaZ6ec9bsiI5BenrbY,0.394,1,0.0421,136.949,1,audio_features,0.199,4,spotify:track:5Z3GHaZ6ec9bsiI5BenrbY,0.539,https://api.spotify.com/v1/tracks/5Z3GHaZ6ec9bsiI5BenrbY,202547,0.798,1.66e-05
3FCto7hnn1shUyZL42YgfO,0.317,-8.792,https://api.spotify.com/v1/audio-analysis/3FCto7hnn1shUyZL42YgfO,0.431,1,0.0277,179.167,0,audio_features,0.6,3,spotify:track:3FCto7hnn1shUyZL42YgfO,0.472,https://api.spotify.com/v1/tracks/3FCto7hnn1shUyZL42YgfO,336093,0.334,3.77e-06
225xvV8r1yKMHErSWivnow,0.248,-5.162,https://api.spotify.com/v1/audio-analysis/225xvV8r1yKMHErSWivnow,0.138,1,0.0333,121.154,2,audio_features,0.165,4,spotify:track:225xvV8r1yKMHErSWivnow,0.662,https://api.spotify.com/v1/tracks/225xvV8r1yKMHErSWivnow,298760,0.383,0.0
1fDsrQ23eTAVFElUMaf38X,0.0842,-11.709,https://api.spotify.com/v1/audio-analysis/1fDsrQ23eTAVFElUMaf38X,0.491,0,0.06,138.45,4,audio_features,0.699,4,spotify:track:1fDsrQ23eTAVFElUMaf38X,0.481,https://api.spotify.com/v1/tracks/1fDsrQ23eTAVFElUMaf38X,516893,0.531,0.0
7o2CTH4ctstm8TNelqjb51,0.116,-7.766,https://api.spotify.com/v1/audio-analysis/7o2CTH4ctstm8TNelqjb51,0.63,1,0.0446,125.116,6,audio_features,0.0852,4,spotify:track:7o2CTH4ctstm8TNelqjb51,0.91,https://api.spotify.com/v1/tracks/7o2CTH4ctstm8TNelqjb51,354520,0.454,0.0988
0bVtevEgtDIeRjCJbK3Lmv,0.297,-8.069,https://api.spotify.com/v1/audio-analysis/0bVtevEgtDIeRjCJbK3Lmv,0.332,1,0.0764,123.45,8,audio_features,0.0232,4,spotify:track:0bVtevEgtDIeRjCJbK3Lmv,0.954,https://api.spotify.com/v1/tracks/0bVtevEgtDIeRjCJbK3Lmv,272027,0.446,0.395
4JiEyzf0Md7KEFFGWDDdCr,0.106,-7.193,https://api.spotify.com/v1/audio-analysis/4JiEyzf0Md7KEFFGWDDdCr,0.378,1,0.0415,132.41,6,audio_features,0.0211,4,spotify:track:4JiEyzf0Md7KEFFGWDDdCr,0.739,https://api.spotify.com/v1/tracks/4JiEyzf0Md7KEFFGWDDdCr,336000,0.496,0.00444
5j6WdDC183izbbjedKsSAe,0.0251,-7.95,https://api.spotify.com/v1/audio-analysis/5j6WdDC183izbbjedKsSAe,0.55,1,0.0419,111.577,10,audio_features,0.0303,4,spotify:track:5j6WdDC183izbbjedKsSAe,0.943,https://api.spotify.com/v1/tracks/5j6WdDC183izbbjedKsSAe,375307,0.463,0.213
7D5n2kpYH2WSqIyEO9MeXf,0.124,-14.465,https://api.spotify.com/v1/audio-analysis/7D5n2kpYH2WSqIyEO9MeXf,0.372,1,0.0313,120.459,6,audio_features,0.711,4,spotify:track:7D5n2kpYH2WSqIyEO9MeXf,0.266,https://api.spotify.com/v1/tracks/7D5n2kpYH2WSqIyEO9MeXf,354400,0.457,0.000261
2SiXAy7TuUkycRVbbWDEpo,0.39,-5.509,https://api.spotify.com/v1/audio-analysis/2SiXAy7TuUkycRVbbWDEpo,0.755,1,0.0574,127.361,7,audio_features,0.00287,4,spotify:track:2SiXAy7TuUkycRVbbWDEpo,0.767,https://api.spotify.com/v1/tracks/2SiXAy7TuUkycRVbbWDEpo,210173,0.532,0.000513
0MKGH8UMfCnq5w7nG06oM5,0.0916,-5.846,https://api.spotify.com/v1/audio-analysis/0MKGH8UMfCnq5w7nG06oM5,0.539,0,0.0388,120.125,4,audio_features,0.00016,4,spotify:track:0MKGH8UMfCnq5w7nG06oM5,0.824,https://api.spotify.com/v1/tracks/0MKGH8UMfCnq5w7nG06oM5,218920,0.5,0.00161
6ADSaE87h8Y3lccZlBJdXH,0.141,-11.822,https://api.spotify.com/v1/audio-analysis/6ADSaE87h8Y3lccZlBJdXH,0.113,1,0.0285,110.171,2,audio_features,0.000202,4,spotify:track:6ADSaE87h8Y3lccZlBJdXH,0.429,https://api.spotify.com/v1/tracks/6ADSaE87h8Y3lccZlBJdXH,295516,0.54,0.355
2EqlS6tkEnglzr7tkKAAYD,0.0926,-11.913,https://api.spotify.com/v1/audio-analysis/2EqlS6tkEnglzr7tkKAAYD,0.187,0,0.0393,165.007,9,audio_features,0.0302,4,spotify:track:2EqlS6tkEnglzr7tkKAAYD,0.376,https://api.spotify.com/v1/tracks/2EqlS6tkEnglzr7tkKAAYD,259947,0.533,0.248
1Ud6moTC0KyXMq1Oxfien0,0.0588,-9.237,https://api.spotify.com/v1/audio-analysis/1Ud6moTC0KyXMq1Oxfien0,0.561,1,0.214,116.063,9,audio_features,0.518,4,spotify:track:1Ud6moTC0KyXMq1Oxfien0,0.668,https://api.spotify.com/v1/tracks/1Ud6moTC0KyXMq1Oxfien0,378147,0.702,0.0
18GiV1BaXzPVYpp9rmOg0E,0.0605,-20.567,https://api.spotify.com/v1/audio-analysis/18GiV1BaXzPVYpp9rmOg0E,0.44,1,0.0509,174.874,2,audio_features,0.914,4,spotify:track:18GiV1BaXzPVYpp9rmOg0E,0.0993,https://api.spotify.com/v1/tracks/18GiV1BaXzPVYpp9rmOg0E,165427,0.38,2.32e-05
3RkQ3UwOyPqpIiIvGVewuU,0.379,-14.545,https://api.spotify.com/v1/audio-analysis/3RkQ3UwOyPqpIiIvGVewuU,0.584,1,0.0676,177.515,5,audio_features,0.794,4,spotify:track:3RkQ3UwOyPqpIiIvGVewuU,0.31,https://api.spotify.com/v1/tracks/3RkQ3UwOyPqpIiIvGVewuU,330533,0.39,0.0
3AhXZa8sUQht0UEdBJgpGc,0.189,-6.836,https://api.spotify.com/v1/audio-analysis/3AhXZa8sUQht0UEdBJgpGc,0.562,1,0.032,95.261,0,audio_features,0.729,4,spotify:track:3AhXZa8sUQht0UEdBJgpGc,0.721,https://api.spotify.com/v1/tracks/3AhXZa8sUQht0UEdBJgpGc,369600,0.483,0.0
4yWl0tnEanf3zmZzl9kbQn,0.102,-9.878,https://api.spotify.com/v1/audio-analysis/4yWl0tnEanf3zmZzl9kbQn,0.389,1,0.0464,135.093,2,audio_features,0.255,4,spotify:track:4yWl0tnEanf3zmZzl9kbQn,0.493,https://api.spotify.com/v1/tracks/4yWl0tnEanf3zmZzl9kbQn,296133,0.488,0.000181
6QhXQOpyYvbpdbyjgAqKdY,0.22,-8.867,https://api.spotify.com/v1/audio-analysis/6QhXQOpyYvbpdbyjgAqKdY,0.954,1,0.0362,102.762,0,audio_features,0.357,4,spotify:track:6QhXQOpyYvbpdbyjgAqKdY,0.876,https://api.spotify.com/v1/tracks/6QhXQOpyYvbpdbyjgAqKdY,174827,0.755,5.17e-06
4pufpcO8KDHalIp3Uh8GEU,0.0888,-9.434,https://api.spotify.com/v1/audio-analysis/4pufpcO8KDHalIp3Uh8GEU,0.927,1,0.0509,140.868,8,audio_features,0.308,4,spotify:track:4pufpcO8KDHalIp3Uh8GEU,0.847,https://api.spotify.com/v1/tracks/4pufpcO8KDHalIp3Uh8GEU,183427,0.435,0.384
2374M0fQpWi3dLnB54qaLX,0.0481,-18.064,https://api.spotify.com/v1/audio-analysis/2374M0fQpWi3dLnB54qaLX,0.732,1,0.0323,92.717,9,audio_features,0.257,4,spotify:track:2374M0fQpWi3dLnB54qaLX,0.373,https://api.spotify.com/v1/tracks/2374M0fQpWi3dLnB54qaLX,295893,0.671,7.95e-05
0wtHjEAzLYYyGuk2WtpGwS,0.0743,-13.642,https://api.spotify.com/v1/audio-analysis/0wtHjEAzLYYyGuk2WtpGwS,0.348,0,0.0314,132.144,10,audio_features,0.233,4,spotify:track:0wtHjEAzLYYyGuk2WtpGwS,0.432,https://api.spotify.com/v1/tracks/0wtHjEAzLYYyGuk2WtpGwS,260893,0.576,0.00135
6QgjcU0zLnzq5OrUoSZ3OK,0.0717,-5.115,https://api.spotify.com/v1/audio-analysis/6QgjcU0zLnzq5OrUoSZ3OK,0.754,0,0.0504,79.028,1,audio_features,0.0417,4,spotify:track:6QgjcU0zLnzq5OrUoSZ3OK,0.795,https://api.spotify.com/v1/tracks/6QgjcU0zLnzq5OrUoSZ3OK,163253,0.801,0.000113
4BFMQ15vXr626UOoZL8bUI,0.059,-8.255,https://api.spotify.com/v1/audio-analysis/4BFMQ15vXr626UOoZL8bUI,0.385,0,0.0507,108.695,6,audio_features,0.0874,4,spotify:track:4BFMQ15vXr626UOoZL8bUI,0.781,https://api.spotify.com/v1/tracks/4BFMQ15vXr626UOoZL8bUI,289067,0.7,0.00342
6eT7xZZlB2mwyzJ2sUKG6w,0.0816,-7.678,https://api.spotify.com/v1/audio-analysis/6eT7xZZlB2mwyzJ2sUKG6w,0.309,1,0.0352,130.098,7,audio_features,0.233,4,spotify:track:6eT7xZZlB2mwyzJ2sUKG6w,0.562,https://api.spotify.com/v1/tracks/6eT7xZZlB2mwyzJ2sUKG6w,256533,0.675,0.0
086myS9r57YsLbJpU0TgK9,0.104,-6.478,https://api.spotify.com/v1/audio-analysis/086myS9r57YsLbJpU0TgK9,0.8,1,0.0368,92.004,2,audio_features,0.0483,4,spotify:track:086myS9r57YsLbJpU0TgK9,0.631,https://api.spotify.com/v1/tracks/086myS9r57YsLbJpU0TgK9,161124,0.691,1.13e-05
0OaunKfsxkgBvPv68jBbmm,0.327,-4.569,https://api.spotify.com/v1/audio-analysis/0OaunKfsxkgBvPv68jBbmm,0.667,1,0.0642,94.762,0,audio_features,0.0503,4,spotify:track:0OaunKfsxkgBvPv68jBbmm,0.604,https://api.spotify.com/v1/tracks/0OaunKfsxkgBvPv68jBbmm,227547,0.852,0.0
6HHytHLXLX8QfWTtGfFSvH,0.102,-3.832,https://api.spotify.com/v1/audio-analysis/6HHytHLXLX8QfWTtGfFSvH,0.676,1,0.216,92.063,1,audio_features,0.169,4,spotify:track:6HHytHLXLX8QfWTtGfFSvH,0.628,https://api.spotify.com/v1/tracks/6HHytHLXLX8QfWTtGfFSvH,266067,0.892,0.0
07KHJvlYBeQVqrmifTEqEp,0.332,-6.613,https://api.spotify.com/v1/audio-analysis/07KHJvlYBeQVqrmifTEqEp,0.175,1,0.0259,79.962,1,audio_features,0.298,4,spotify:track:07KHJvlYBeQVqrmifTEqEp,0.528,https://api.spotify.com/v1/tracks/07KHJvlYBeQVqrmifTEqEp,265093,0.412,5.03e-05
6yl8Es1tCYD9WdSkeVLFw4,0.297,-5.51,https://api.spotify.com/v1/audio-analysis/6yl8Es1tCYD9WdSkeVLFw4,0.769,1,0.0566,127.316,7,audio_features,0.00224,4,spotify:track:6yl8Es1tCYD9WdSkeVLFw4,0.768,https://api.spotify.com/v1/tracks/6yl8Es1tCYD9WdSkeVLFw4,210880,0.529,0.000685
4DMKwE2E2iYDKY01C335Uw,0.446,-5.735,https://api.spotify.com/v1/audio-analysis/4DMKwE2E2iYDKY01C335Uw,0.793,1,0.0319,126.748,7,audio_features,0.00316,4,spotify:track:4DMKwE2E2iYDKY01C335Uw,0.786,https://api.spotify.com/v1/tracks/4DMKwE2E2iYDKY01C335Uw,323000,0.483,8.86e-05
5EU1mh0C4Km3k6vGvIDN2J,0.0793,-5.517,https://api.spotify.com/v1/audio-analysis/5EU1mh0C4Km3k6vGvIDN2J,0.713,1,0.0405,138.8,2,audio_features,0.0155,4,spotify:track:5EU1mh0C4Km3k6vGvIDN2J,0.852,https://api.spotify.com/v1/tracks/5EU1mh0C4Km3k6vGvIDN2J,212933,0.497,0.0
4U3Ggqyv2XgnS1u82HOGQX,0.0734,-9.737,https://api.spotify.com/v1/audio-analysis/4U3Ggqyv2XgnS1u82HOGQX,0.738,1,0.0346,117.397,1,audio_features,0.564,4,spotify:track:4U3Ggqyv2XgnS1u82HOGQX,0.454,https://api.spotify.com/v1/tracks/4U3Ggqyv2XgnS1u82HOGQX,251333,0.827,0.00353
5OQsiBsky2k2kDKy2bX2eT,0.262,-4.025,https://api.spotify.com/v1/audio-analysis/5OQsiBsky2k2kDKy2bX2eT,0.537,1,0.0408,135.997,4,audio_features,1.83e-05,4,spotify:track:5OQsiBsky2k2kDKy2bX2eT,0.919,https://api.spotify.com/v1/tracks/5OQsiBsky2k2kDKy2bX2eT,235293,0.465,2.07e-05
5FKnuwsKf7YFpmhA5Wnl0q,0.102,-8.54,https://api.spotify.com/v1/audio-analysis/5FKnuwsKf7YFpmhA5Wnl0q,0.125,0,0.0397,119.162,4,audio_features,0.701,4,spotify:track:5FKnuwsKf7YFpmhA5Wnl0q,0.539,https://api.spotify.com/v1/tracks/5FKnuwsKf7YFpmhA5Wnl0q,250973,0.444,1.03e-05
4zoQ3EqopTIGmK2c2rPV5t,0.108,-13.181,https://api.spotify.com/v1/audio-analysis/4zoQ3EqopTIGmK2c2rPV5t,0.146,0,0.0337,115.299,0,audio_features,0.144,4,spotify:track:4zoQ3EqopTIGmK2c2rPV5t,0.294,https://api.spotify.com/v1/tracks/4zoQ3EqopTIGmK2c2rPV5t,342067,0.549,0.798
021txSheRym293iUdf6vPZ,0.1,-8.993,https://api.spotify.com/v1/audio-analysis/021txSheRym293iUdf6vPZ,0.348,0,0.0534,77.118,1,audio_features,0.199,4,spotify:track:021txSheRym293iUdf6vPZ,0.556,https://api.spotify.com/v1/tracks/021txSheRym293iUdf6vPZ,203318,0.637,0.138
4iWYPj04kHXcZK0st5yzZf,0.0804,-5.106,https://api.spotify.com/v1/audio-analysis/4iWYPj04kHXcZK0st5yzZf,0.448,0,0.0682,164.13,11,audio_features,0.00378,4,spotify:track:4iWYPj04kHXcZK0st5yzZf,0.633,https://api.spotify.com/v1/tracks/4iWYPj04kHXcZK0st5yzZf,236907,0.532,0.0
6T689Jvh5KrSXyaPtUWZtQ,0.183,-5.294,https://api.spotify.com/v1/audio-analysis/6T689Jvh5KrSXyaPtUWZtQ,0.711,1,0.0298,107.987,7,audio_features,0.0485,4,spotify:track:6T689Jvh5KrSXyaPtUWZtQ,0.734,https://api.spotify.com/v1/tracks/6T689Jvh5KrSXyaPtUWZtQ,225080,0.696,0.0
2G7V7zsVDxg1yRsu7Ew9RJ,0.396,-5.833,https://api.spotify.com/v1/audio-analysis/2G7V7zsVDxg1yRsu7Ew9RJ,0.35,1,0.125,91.03,1,audio_features,0.0589,4,spotify:track:2G7V7zsVDxg1yRsu7Ew9RJ,0.626,https://api.spotify.com/v1/tracks/2G7V7zsVDxg1yRsu7Ew9RJ,217925,0.835,6e-05
0PVLrYwxpQQts9CvEXLcWx,0.0463,-7.778,https://api.spotify.com/v1/audio-analysis/0PVLrYwxpQQts9CvEXLcWx,0.62,1,0.0548,134.961,2,audio_features,0.00268,4,spotify:track:0PVLrYwxpQQts9CvEXLcWx,0.628,https://api.spotify.com/v1/tracks/0PVLrYwxpQQts9CvEXLcWx,267187,0.892,0.000411
7lQ8MOhq6IN2w8EYcFNSUk,0.237,-2.827,https://api.spotify.com/v1/audio-analysis/7lQ8MOhq6IN2w8EYcFNSUk,0.662,1,0.0738,112.238,7,audio_features,0.00286,4,spotify:track:7lQ8MOhq6IN2w8EYcFNSUk,0.669,https://api.spotify.com/v1/tracks/7lQ8MOhq6IN2w8EYcFNSUk,290320,0.908,0.0
503OTo2dSqe7qk76rgsbep,0.0543,-3.323,https://api.spotify.com/v1/audio-analysis/503OTo2dSqe7qk76rgsbep,0.527,1,0.234,93.431,11,audio_features,0.16,4,spotify:track:503OTo2dSqe7qk76rgsbep,0.775,https://api.spotify.com/v1/tracks/503OTo2dSqe7qk76rgsbep,270587,0.816,0.00031
1lqMLr9Wj7SM2F9AikGcxN,0.12,-7.715,https://api.spotify.com/v1/audio-analysis/1lqMLr9Wj7SM2F9AikGcxN,0.743,1,0.079,135.601,0,audio_features,0.0409,4,spotify:track:1lqMLr9Wj7SM2F9AikGcxN,0.827,https://api.spotify.com/v1/tracks/1lqMLr9Wj7SM2F9AikGcxN,512733,0.509,0.0
6dGnYIeXmHdcikdzNNDMm2,0.179,-10.484,https://api.spotify.com/v1/audio-analysis/6dGnYIeXmHdcikdzNNDMm2,0.394,1,0.0347,129.171,9,audio_features,0.0339,4,spotify:track:6dGnYIeXmHdcikdzNNDMm2,0.54,https://api.spotify.com/v1/tracks/6dGnYIeXmHdcikdzNNDMm2,185733,0.557,0.00248
6HSXNV0b4M4cLJ7ljgVVeh,0.11,-13.061,https://api.spotify.com/v1/audio-analysis/6HSXNV0b4M4cLJ7ljgVVeh,0.229,1,0.0299,140.208,7,audio_features,0.251,4,spotify:track:6HSXNV0b4M4cLJ7ljgVVeh,0.396,https://api.spotify.com/v1/tracks/6HSXNV0b4M4cLJ7ljgVVeh,149880,0.513,0.177
19slC7k8bsPOAKDjHYLU2W,0.102,-11.467,https://api.spotify.com/v1/audio-analysis/19slC7k8bsPOAKDjHYLU2W,0.395,1,0.0348,135.993,7,audio_features,0.589,4,spotify:track:19slC7k8bsPOAKDjHYLU2W,0.33,https://api.spotify.com/v1/tracks/19slC7k8bsPOAKDjHYLU2W,221000,0.499,4.21e-05
6wZJsut8fjiWiMPaccRAOX,0.142,-6.189,https://api.spotify.com/v1/audio-analysis/6wZJsut8fjiWiMPaccRAOX,0.48,0,0.0479,144.956,11,audio_features,0.000712,4,spotify:track:6wZJsut8fjiWiMPaccRAOX,0.818,https://api.spotify.com/v1/tracks/6wZJsut8fjiWiMPaccRAOX,180414,0.595,0.0386
6ZmtxXUXRVjxOhugKkmerC,0.167,-9.806,https://api.spotify.com/v1/audio-analysis/6ZmtxXUXRVjxOhugKkmerC,0.572,1,0.0267,92.962,8,audio_features,0.842,4,spotify:track:6ZmtxXUXRVjxOhugKkmerC,0.473,https://api.spotify.com/v1/tracks/6ZmtxXUXRVjxOhugKkmerC,211290,0.655,0.0323
5tNp0H1Qtr4eUURBWyRJbd,0.226,-4.363,https://api.spotify.com/v1/audio-analysis/5tNp0H1Qtr4eUURBWyRJbd,0.66,1,0.0301,90.03,0,audio_features,0.00267,4,spotify:track:5tNp0H1Qtr4eUURBWyRJbd,0.843,https://api.spotify.com/v1/tracks/5tNp0H1Qtr4eUURBWyRJbd,164293,0.528,4.82e-06
11hqMWwX7sF3sOGdtijofF,0.356,-5.815,https://api.spotify.com/v1/audio-analysis/11hqMWwX7sF3sOGdtijofF,0.354,1,0.0505,103.987,1,audio_features,0.00849,4,spotify:track:11hqMWwX7sF3sOGdtijofF,0.624,https://api.spotify.com/v1/tracks/11hqMWwX7sF3sOGdtijofF,173975,0.776,0.00208
730PcccFA4ePtZmzpypwoD,0.12,-10.422,https://api.spotify.com/v1/audio-analysis/730PcccFA4ePtZmzpypwoD,0.781,1,0.044,82.492,0,audio_features,0.119,4,spotify:track:730PcccFA4ePtZmzpypwoD,0.582,https://api.spotify.com/v1/tracks/730PcccFA4ePtZmzpypwoD,251333,0.61,3.76e-05
72TFWvU3wUYdUuxejTTIzt,0.0919,-6.238,https://api.spotify.com/v1/audio-analysis/72TFWvU3wUYdUuxejTTIzt,0.558,1,0.0946,91.974,11,audio_features,0.0752,4,spotify:track:72TFWvU3wUYdUuxejTTIzt,0.534,https://api.spotify.com/v1/tracks/72TFWvU3wUYdUuxejTTIzt,219320,0.725,0.0
3DAGzFTBUUikHHJmkPnlLM,0.297,-5.848,https://api.spotify.com/v1/audio-analysis/3DAGzFTBUUikHHJmkPnlLM,0.472,0,0.0483,79.99,4,audio_features,0.00289,4,spotify:track:3DAGzFTBUUikHHJmkPnlLM,0.793,https://api.spotify.com/v1/tracks/3DAGzFTBUUikHHJmkPnlLM,294720,0.588,4.29e-05
0a1vOhpBblkpapGPICEngd,0.0452,-4.569,https://api.spotify.com/v1/audio-analysis/0a1vOhpBblkpapGPICEngd,0.597,1,0.113,174.01,1,audio_features,0.00923,4,spotify:track:0a1vOhpBblkpapGPICEngd,0.833,https://api.spotify.com/v1/tracks/0a1vOhpBblkpapGPICEngd,275987,0.585,0.0
3KkXRkHbMCARz0aVfEt68P,0.0703,-5.574,https://api.spotify.com/v1/audio-analysis/3KkXRkHbMCARz0aVfEt68P,0.913,1,0.0466,89.911,2,audio_features,0.556,4,spotify:track:3KkXRkHbMCARz0aVfEt68P,0.479,https://api.spotify.com/v1/tracks/3KkXRkHbMCARz0aVfEt68P,158040,0.76,0.0
3eR23VReFzcdmS7TYCrhCe,0.0864,-6.596,https://api.spotify.com/v1/audio-analysis/3eR23VReFzcdmS7TYCrhCe,0.515,1,0.0706,99.968,0,audio_features,0.119,4,spotify:track:3eR23VReFzcdmS7TYCrhCe,0.533,https://api.spotify.com/v1/tracks/3eR23VReFzcdmS7TYCrhCe,220781,0.64,0.0
5j7T9ThNlDKXxTMX2pGcns,0.29,-8.121,https://api.spotify.com/v1/audio-analysis/5j7T9ThNlDKXxTMX2pGcns,0.342,1,0.0351,84.238,9,audio_features,0.73,4,spotify:track:5j7T9ThNlDKXxTMX2pGcns,0.558,https://api.spotify.com/v1/tracks/5j7T9ThNlDKXxTMX2pGcns,328000,0.51,3.93e-06
2PzU4IB8Dr6mxV3lHuaG34,0.128,-7.89,https://api.spotify.com/v1/audio-analysis/2PzU4IB8Dr6mxV3lHuaG34,0.931,1,0.0338,136.302,2,audio_features,0.0383,4,spotify:track:2PzU4IB8Dr6mxV3lHuaG34,0.863,https://api.spotify.com/v1/tracks/2PzU4IB8Dr6mxV3lHuaG34,222813,0.723,0.0317
127QTOFJsJQp5LbJbu3A1y,0.114,-9.75,https://api.spotify.com/v1/audio-analysis/127QTOFJsJQp5LbJbu3A1y,0.837,0,0.201,81.618,1,audio_features,0.321,4,spotify:track:127QTOFJsJQp5LbJbu3A1y,0.454,https://api.spotify.com/v1/tracks/127QTOFJsJQp5LbJbu3A1y,247059,0.834,6.15e-06
